Date,Close,High,Low,Open,Volume,Ticker,SMA_20,EMA_20,SMA_50,EMA_50,SMA_100,EMA_100,SMA_200,EMA_200
2023-06-15,43.7800,47.8900,40.0000,42.0000,16751800,CAVA,,43.7800,,43.7800,,43.7800,,43.7800
2023-06-16,38.1500,46.6800,36.4500,44.8700,8417500,CAVA,,43.2438,,43.5592,,43.6685,,43.7240
2023-06-20,38.4300,39.4800,37.5650,38.0000,1607200,CAVA,,42.7854,,43.3581,,43.5648,,43.6713
2023-06-21,38.3400,39.2000,37.9000,38.4300,738600,CAVA,,42.3620,,43.1613,,43.4613,,43.6183
2023-06-22,39.1600,40.1400,37.5900,38.0000,2365600,CAVA,,42.0570,,43.0044,,43.3761,,43.5739
2023-06-23,40.1500,40.8100,38.7000,39.0000,1118800,CAVA,,41.8754,,42.8924,,43.3123,,43.5398
2023-06-26,42.5900,43.2300,40.2500,40.6500,1645000,CAVA,,41.9435,,42.8806,,43.2980,,43.5304
2023-06-27,45.5500,46.1400,42.6120,42.8700,1801000,CAVA,,42.2869,,42.9853,,43.3426,,43.5505
2023-06-28,42.2100,45.5500,41.2300,45.5500,1984600,CAVA,,42.2796,,42.9549,,43.3201,,43.5371
2023-06-29,43.5300,44.2000,42.6290,42.6900,947500,CAVA,,42.3987,,42.9774,,43.3243,,43.5371
2023-06-30,40.9500,44.5000,40.2900,43.7000,1947400,CAVA,,42.2607,,42.8979,,43.2773,,43.5113
2023-07-03,39.4800,41.0650,38.4500,41.0000,1574700,CAVA,,41.9959,,42.7639,,43.2021,,43.4712
2023-07-05,38.0400,39.4300,37.0700,38.9700,1650300,CAVA,,41.6191,,42.5786,,43.0999,,43.4172
2023-07-06,39.2000,40.4000,37.2600,37.4300,1304700,CAVA,,41.3888,,42.4461,,43.0226,,43.3752
2023-07-07,39.6200,41.6000,38.7500,39.5200,916900,CAVA,,41.2203,,42.3353,,42.9553,,43.3378
2023-07-10,44.0000,44.1000,40.5100,40.5100,2520200,CAVA,,41.4850,,42.4006,,42.9759,,43.3444
2023-07-11,45.4500,47.0000,43.3700,45.8000,3043900,CAVA,,41.8626,,42.5202,,43.0249,,43.3654
2023-07-12,52.0100,52.2500,46.2150,47.4400,4386000,CAVA,,42.8291,,42.8923,,43.2029,,43.4514
2023-07-13,47.6800,54.8600,46.8200,54.2200,5134300,CAVA,,43.2911,,43.0801,,43.2915,,43.4935
2023-07-14,47.6700,49.2400,45.8550,47.2000,2043100,CAVA,42.2995,43.7081,,43.2601,,43.3782,,43.5350
2023-07-17,47.6200,49.7100,46.5400,47.6700,1262000,CAVA,42.4915,44.0807,,43.4310,,43.4622,,43.5757
2023-07-18,51.0200,51.4900,47.2500,47.6200,1905800,CAVA,43.1350,44.7416,,43.7286,,43.6119,,43.6497
2023-07-19,48.5200,51.9400,47.8900,51.8400,1813900,CAVA,43.6395,45.1014,,43.9165,,43.7091,,43.6982
2023-07-20,49.5600,50.4300,48.2200,48.2200,1191300,CAVA,44.2005,45.5260,,44.1379,,43.8249,,43.7565
2023-07-21,48.7800,49.7500,47.6500,49.7500,865300,CAVA,44.6815,45.8359,,44.3199,,43.9230,,43.8065
2023-07-24,53.2800,53.3260,49.1000,49.3300,2097100,CAVA,45.3380,46.5449,,44.6713,,44.1083,,43.9008
2023-07-25,51.8500,53.4500,51.0600,53.2300,1687200,CAVA,45.8010,47.0501,,44.9528,,44.2616,,43.9799
2023-07-26,51.6300,52.5000,50.2500,51.8000,898300,CAVA,46.1050,47.4863,,45.2146,,44.4075,,44.0560
2023-07-27,49.8800,53.2490,49.6000,51.6900,1323700,CAVA,46.4885,47.7143,,45.3976,,44.5159,,44.1139
2023-07-28,52.9100,53.1000,50.2500,50.5250,843600,CAVA,46.9575,48.2091,,45.6922,,44.6821,,44.2015
2023-07-31,57.1100,57.2900,53.1100,53.6700,2364200,CAVA,47.7655,49.0568,,46.1400,,44.9282,,44.3299
2023-08-01,56.9900,57.7400,54.5000,56.3900,952800,CAVA,48.6410,49.8124,,46.5655,,45.1671,,44.4559
2023-08-02,55.3200,58.1000,54.1500,56.0000,1471900,CAVA,49.5050,50.3369,,46.9088,,45.3681,,44.5640
2023-08-03,55.6800,57.1600,54.7700,55.3800,712200,CAVA,50.3290,50.8458,,47.2527,,45.5723,,44.6746
2023-08-04,53.4400,56.8100,52.8200,56.5500,925600,CAVA,51.0200,51.0928,,47.4954,,45.7281,,44.7618
2023-08-07,52.9600,54.2200,52.0600,53.6800,621100,CAVA,51.4680,51.2707,,47.7097,,45.8713,,44.8434
2023-08-08,50.5100,52.2000,49.7150,52.2000,1081800,CAVA,51.7210,51.1982,,47.8195,,45.9632,,44.8998
2023-08-09,48.0600,50.8400,47.5100,50.5100,964300,CAVA,51.5235,50.8993,,47.8289,,46.0047,,44.9312
2023-08-10,48.0900,50.7200,47.8700,48.2000,872200,CAVA,51.5440,50.6318,,47.8392,,46.0460,,44.9626
2023-08-11,48.4800,49.2000,47.7100,47.7500,621700,CAVA,51.5845,50.4269,,47.8643,,46.0942,,44.9976
2023-08-14,47.8500,48.8770,46.6200,48.5800,966800,CAVA,51.5960,50.1814,,47.8637,,46.1289,,45.0260
2023-08-15,46.3900,48.4670,45.8500,47.0800,2356600,CAVA,51.3645,49.8203,,47.8059,,46.1341,,45.0396
2023-08-16,46.9300,51.1600,44.5700,49.5000,8425400,CAVA,51.2850,49.5451,,47.7716,,46.1499,,45.0584
2023-08-17,42.3700,47.3900,42.1500,47.2500,3611600,CAVA,50.9255,48.8617,,47.5598,,46.0750,,45.0317
2023-08-18,43.1100,43.9800,40.8900,42.0000,1939800,CAVA,50.6420,48.3140,,47.3853,,46.0163,,45.0125
2023-08-21,41.6900,43.7800,41.6400,42.9500,1215300,CAVA,50.0625,47.6831,,47.1619,,45.9306,,44.9795
2023-08-22,42.7500,42.8800,40.6100,41.7500,1158500,CAVA,49.6075,47.2133,,46.9889,,45.8677,,44.9573
2023-08-23,44.8400,45.6300,42.3000,42.5000,2098600,CAVA,49.2680,46.9873,,46.9046,,45.8473,,44.9561
2023-08-24,42.6500,44.8800,41.8200,44.8000,1345400,CAVA,48.9065,46.5742,,46.7378,,45.7840,,44.9332
2023-08-25,41.6200,43.4400,41.5800,43.1100,1044500,CAVA,48.3420,46.1024,46.3576,46.5371,,45.7015,,44.9002
2023-08-28,41.9300,43.2000,41.4000,41.6200,1016500,CAVA,47.5830,45.7050,46.3206,46.3564,,45.6269,,44.8707
2023-08-29,44.6000,44.9700,41.6000,41.7600,2244200,CAVA,46.9635,45.5998,46.4496,46.2875,,45.6065,,44.8680
2023-08-30,45.5000,46.1000,43.5500,44.5000,1273900,CAVA,46.4725,45.5903,46.5910,46.2567,,45.6044,,44.8743
2023-08-31,44.4100,45.9330,44.1300,45.7100,945100,CAVA,45.9090,45.4778,46.7124,46.1842,,45.5808,,44.8696
2023-09-01,43.8200,45.3700,43.4850,44.9500,570000,CAVA,45.4280,45.3200,46.8056,46.0915,,45.5459,,44.8592
2023-09-05,42.1500,43.8160,41.9300,43.3000,1457500,CAVA,44.8875,45.0181,46.8456,45.9369,,45.4787,,44.8322
2023-09-06,42.5300,43.1770,41.7000,42.0600,801000,CAVA,44.4885,44.7811,46.8444,45.8033,,45.4203,,44.8093
2023-09-07,41.0100,41.9000,40.3200,41.9000,1653500,CAVA,44.1360,44.4219,46.7536,45.6154,,45.3329,,44.7715
2023-09-08,39.1800,41.4500,39.0200,40.9600,1378100,CAVA,43.6905,43.9227,46.6930,45.3630,,45.2111,,44.7159
2023-09-11,37.5600,39.5800,37.4300,39.3700,1917000,CAVA,43.1445,43.3167,46.5736,45.0570,,45.0596,,44.6447
2023-09-12,35.9900,37.2400,35.8700,36.9400,4154700,CAVA,42.5515,42.6190,46.4744,44.7014,,44.8800,,44.5586
2023-09-13,35.6400,37.0900,34.8800,35.5000,2056100,CAVA,42.0140,41.9543,46.3976,44.3461,,44.6970,,44.4698
2023-09-14,36.0600,36.7000,35.0000,36.0000,1347500,CAVA,41.4705,41.3929,46.3580,44.0211,,44.5260,,44.3861
2023-09-15,35.4200,35.9550,34.4200,35.7300,4204700,CAVA,41.1230,40.8241,46.2824,43.6838,,44.3457,,44.2969
2023-09-18,34.3600,35.4200,34.1300,35.0000,1085300,CAVA,40.6855,40.2085,46.1772,43.3182,,44.1479,,44.1981
2023-09-19,33.3000,34.2580,32.2000,34.0900,2132500,CAVA,40.2660,39.5505,45.9632,42.9253,,43.9331,,44.0896
2023-09-20,31.7300,33.8880,31.6800,33.3200,1267600,CAVA,39.7150,38.8057,45.6888,42.4863,,43.6915,,43.9666
2023-09-21,30.3900,31.7000,30.3900,31.0800,2077500,CAVA,38.9925,38.0042,45.2564,42.0119,,43.4281,,43.8315
2023-09-22,30.8900,31.3600,30.3900,30.5600,1046900,CAVA,38.4045,37.3267,44.9206,41.5758,,43.1798,,43.7028
2023-09-25,32.4200,32.6800,30.6500,30.8800,1877700,CAVA,37.9445,36.8594,44.6156,41.2167,,42.9667,,43.5905
2023-09-26,32.2900,33.5000,31.7350,31.9600,1501400,CAVA,37.4625,36.4242,44.3090,40.8667,,42.7553,,43.4781
2023-09-27,31.4200,32.6300,31.3700,32.1900,1227800,CAVA,36.8035,35.9476,43.9170,40.4962,,42.5309,,43.3581
2023-09-28,31.1900,31.6900,29.9170,31.3900,1408400,CAVA,36.0880,35.4945,43.5704,40.1313,,42.3063,,43.2370
2023-09-29,30.6300,32.2060,30.1100,31.6400,1154800,CAVA,35.3990,35.0312,43.1918,39.7587,,42.0751,,43.1116
2023-10-02,31.0000,31.1000,29.7700,30.4000,1179900,CAVA,34.7580,34.6473,42.8362,39.4152,,41.8558,,42.9910
2023-10-03,29.9800,30.7380,29.3000,30.7100,1179500,CAVA,34.1495,34.2028,42.3702,39.0452,,41.6206,,42.8616
2023-10-04,31.2600,31.2700,29.0500,30.0000,1298400,CAVA,33.5860,33.9225,41.9584,38.7399,,41.4154,,42.7461
2023-10-05,30.6300,31.6940,30.0100,31.0300,1337300,CAVA,33.0670,33.6089,41.5384,38.4218,,41.2019,,42.6256
2023-10-06,31.6100,32.1500,30.0900,30.6300,1655600,CAVA,32.6885,33.4186,41.1730,38.1547,,41.0119,,42.5160
2023-10-09,31.4100,31.6700,30.5400,30.7500,1003900,CAVA,32.3810,33.2273,40.7430,37.8902,,40.8218,,42.4055
2023-10-10,32.0800,32.6200,30.9400,31.7500,1212200,CAVA,32.1855,33.1180,40.2424,37.6624,,40.6487,,42.3027
2023-10-11,32.5500,34.5500,31.5800,33.5000,2612600,CAVA,32.0310,33.0639,39.7536,37.4619,,40.4883,,42.2057
2023-10-12,31.5100,32.5000,31.2200,32.5000,1416300,CAVA,31.8035,32.9159,39.2774,37.2285,,40.3105,,42.0993
2023-10-13,33.1400,33.2800,31.3900,31.3900,1517500,CAVA,31.6895,32.9373,38.8266,37.0681,,40.1685,,42.0101
2023-10-16,33.9800,34.4400,32.3400,33.3000,1035200,CAVA,31.6705,33.0366,38.4374,36.9470,,40.0460,,41.9302
2023-10-17,35.0600,35.2000,33.3400,33.9100,1233300,CAVA,31.7585,33.2293,38.0794,36.8730,,39.9473,,41.8619
2023-10-18,33.7800,35.3600,33.3800,35.0100,870200,CAVA,31.8610,33.2817,37.7448,36.7517,,39.8251,,41.7814
2023-10-19,33.6200,34.3700,33.2200,34.0000,903200,CAVA,32.0225,33.3139,37.4560,36.6289,,39.7023,,41.7002
2023-10-20,33.0000,33.5200,31.8700,33.2200,953200,CAVA,32.1280,33.2840,37.1542,36.4866,,39.5695,,41.6137
2023-10-23,33.2500,34.1300,32.1700,32.9400,617900,CAVA,32.1695,33.2808,36.8496,36.3597,,39.4444,,41.5304
2023-10-24,33.9000,34.0900,33.2600,33.8700,1058100,CAVA,32.2500,33.3398,36.5706,36.2632,,39.3346,,41.4545
2023-10-25,32.1900,34.1000,32.0700,34.0400,771400,CAVA,32.2885,33.2303,36.2866,36.1035,,39.1931,,41.3623
2023-10-26,31.1400,32.7900,30.7000,32.3900,1032000,CAVA,32.2860,33.0312,35.9708,35.9088,,39.0337,,41.2606
2023-10-27,31.6300,32.2300,31.2700,31.3800,480600,CAVA,32.3360,32.8978,35.7560,35.7410,,38.8871,,41.1648
2023-10-30,31.0800,32.5500,30.3000,31.9800,1124000,CAVA,32.3400,32.7246,35.5154,35.5583,,38.7325,,41.0644
2023-10-31,31.5900,32.4800,30.5100,31.9400,593800,CAVA,32.4205,32.6166,35.3134,35.4026,,38.5910,,40.9702
2023-11-01,31.9500,32.1300,31.0700,31.6400,676300,CAVA,32.4550,32.5531,35.0974,35.2672,,38.4595,,40.8804
2023-11-02,34.0500,34.2300,33.1900,33.4700,1097600,CAVA,32.6260,32.6957,34.8816,35.2195,,38.3722,,40.8125
2023-11-03,35.9200,36.3900,34.2000,34.7500,1423600,CAVA,32.8415,33.0027,34.7470,35.2470,,38.3236,,40.7638
2023-11-06,34.1800,37.6440,33.3900,37.1500,1389600,CAVA,32.9800,33.1149,34.5982,35.2051,40.4779,38.2416,,40.6983
2023-11-07,33.7000,35.2350,33.2300,34.0500,2368100,CAVA,33.0610,33.1706,34.4336,35.1461,40.3771,38.1517,,40.6286
2023-11-08,31.1000,34.1000,30.3000,34.1000,5171200,CAVA,32.9885,32.9734,34.1636,34.9874,40.3066,38.0120,,40.5338
2023-11-09,31.5300,31.9400,30.8050,31.4300,1836100,CAVA,32.9895,32.8359,33.8842,34.8519,40.2376,37.8837,,40.4442
2023-11-10,31.0700,31.6000,29.6600,31.6000,1738600,CAVA,32.8860,32.6677,33.6174,34.7035,40.1649,37.7487,,40.3510
2023-11-13,31.3600,31.5100,30.0000,30.9990,1279000,CAVA,32.7550,32.5432,33.3682,34.5724,40.0869,37.6222,,40.2615
2023-11-14,32.1700,32.6800,31.4100,32.3300,1478700,CAVA,32.6105,32.5076,33.1686,34.4782,40.0071,37.5143,,40.1810
2023-11-15,33.8300,34.2600,32.4800,32.6600,1543900,CAVA,32.6130,32.6336,32.9946,34.4528,39.9195,37.4413,,40.1178
2023-11-16,34.2800,34.9200,33.3800,33.7200,1172100,CAVA,32.6460,32.7904,32.8600,34.4460,39.8068,37.3787,,40.0597
2023-11-17,34.1200,34.4200,32.9100,34.4200,1244700,CAVA,32.7020,32.9170,32.7588,34.4332,39.7259,37.3142,,40.0006
2023-11-20,33.8800,34.9500,33.3700,33.7900,1256400,CAVA,32.7335,33.0087,32.6852,34.4115,39.6294,37.2462,,39.9397
2023-11-21,33.4100,34.9100,33.3250,33.8200,1194900,CAVA,32.7090,33.0469,32.6336,34.3723,39.5540,37.1702,,39.8747
2023-11-22,33.3800,34.8900,32.3300,34.8900,1597900,CAVA,32.7685,33.0787,32.5884,34.3333,39.4930,37.0952,,39.8101
2023-11-24,34.2700,34.8000,32.8100,32.8400,832900,CAVA,32.9250,33.1921,32.5526,34.3309,39.4553,37.0392,,39.7550
2023-11-27,33.5900,35.7500,33.4750,34.0000,1642500,CAVA,33.0230,33.2300,32.5160,34.3018,39.3992,36.9709,,39.6936
2023-11-28,33.5900,34.1000,33.3500,33.5900,1009300,CAVA,33.1485,33.2643,32.5006,34.2739,39.3389,36.9040,,39.6329
2023-11-29,34.0000,34.6100,33.4400,33.8300,1576900,CAVA,33.2690,33.3344,32.5146,34.2632,39.2389,36.8465,,39.5768
2023-11-30,34.0100,35.4300,33.6900,34.7600,1593300,CAVA,33.3720,33.3987,32.5602,34.2532,39.1245,36.7903,,39.5215
2023-12-01,36.2200,36.6200,33.5000,33.5800,1480900,CAVA,33.4805,33.6674,32.6768,34.3304,38.9666,36.7790,,39.4886
2023-12-04,36.1400,37.0720,35.0500,36.1400,1386900,CAVA,33.4915,33.9029,32.7818,34.4013,38.8512,36.7664,,39.4553
2023-12-05,36.0600,36.2800,35.6900,35.8000,779400,CAVA,33.5855,34.1083,32.8546,34.4664,38.7351,36.7524,,39.4215
2023-12-06,36.3700,37.4800,35.8100,36.5600,1171100,CAVA,33.7190,34.3237,32.9362,34.5410,38.6226,36.7448,,39.3911
2023-12-07,33.3400,36.3980,33.2800,36.3500,1814800,CAVA,33.8310,34.2300,32.9746,34.4939,38.4458,36.6774,,39.3309
2023-12-08,32.2400,33.6900,31.7800,33.0000,2675700,CAVA,33.8665,34.0405,32.9956,34.4055,38.2830,36.5895,,39.2604
2023-12-11,32.4900,32.7500,31.4700,32.1400,2440100,CAVA,33.9375,33.8928,33.0328,34.3304,38.1123,36.5083,,39.1930
2023-12-12,38.8700,39.0000,33.3200,33.8000,17866500,CAVA,34.3130,34.3669,33.1902,34.5084,38.0132,36.5551,,39.1898
2023-12-13,41.2500,41.5500,36.6850,38.9000,8786900,CAVA,34.7670,35.0224,33.4156,34.7728,37.8929,36.6481,,39.2103
2023-12-14,40.6200,41.9900,39.8800,41.7000,2822300,CAVA,35.1065,35.5555,33.6028,35.0021,37.7806,36.7267,,39.2243
2023-12-15,40.0400,40.6900,39.3300,40.6700,2096200,CAVA,35.3945,35.9826,33.7910,35.1997,37.6647,36.7923,,39.2324
2023-12-18,41.4900,43.1800,39.1500,39.5000,3138600,CAVA,35.7630,36.5071,33.9886,35.4464,37.5808,36.8853,,39.2549
2023-12-19,40.9600,43.2700,40.9400,41.9900,2597300,CAVA,36.1170,36.9312,34.1796,35.6626,37.4613,36.9660,,39.2719
2023-12-20,41.1000,42.4900,40.5100,40.9000,2080600,CAVA,36.5015,37.3282,34.3600,35.8758,37.3012,37.0479,,39.2901
2023-12-21,42.7600,43.3790,41.8300,42.3500,3291600,CAVA,36.9705,37.8455,34.5642,36.1458,37.1589,37.1610,,39.3246
2023-12-22,41.9200,43.2500,41.7200,43.0000,1269600,CAVA,37.3530,38.2336,34.7724,36.3722,37.0249,37.2552,,39.3504
2023-12-26,43.8000,44.7800,42.0000,42.1700,2511100,CAVA,37.8635,38.7637,34.9856,36.6635,36.9061,37.3848,,39.3947
2023-12-27,44.4400,44.8600,43.2100,44.3900,1811000,CAVA,38.4060,39.3043,35.1948,36.9685,36.8161,37.5245,,39.4449
2023-12-28,44.6300,44.8900,44.0000,44.4500,1266300,CAVA,38.9375,39.8115,35.3862,37.2689,36.7328,37.6652,,39.4965
2023-12-29,42.9800,45.0800,42.8500,44.5400,1354600,CAVA,39.3860,40.1133,35.5702,37.4929,36.6575,37.7705,,39.5311
2024-01-02,40.8700,42.8400,40.8700,42.4300,2352700,CAVA,39.6185,40.1854,35.7152,37.6253,36.5856,37.8319,,39.5445
2024-01-03,39.4700,40.7200,39.0500,40.2300,2616700,CAVA,39.7850,40.1172,35.8446,37.6977,36.4994,37.8643,,39.5437
2024-01-04,40.6700,41.1290,39.1200,39.2500,1399700,CAVA,40.0155,40.1699,35.9930,37.8142,36.4213,37.9199,,39.5549
2024-01-05,41.1500,42.4200,39.8100,40.2100,1320200,CAVA,40.2545,40.2632,36.1380,37.9450,36.3543,37.9838,,39.5708
2024-01-08,42.5600,42.8500,40.0500,41.0100,1491900,CAVA,40.7155,40.4820,36.3454,38.1260,36.3160,38.0744,,39.6005
2024-01-09,42.5200,43.2050,41.8400,42.2000,994200,CAVA,41.2295,40.6761,36.5730,38.2983,36.2719,38.1625,,39.6296
2024-01-10,42.2700,42.6600,41.5610,42.2900,907900,CAVA,41.7185,40.8279,36.7858,38.4541,36.2709,38.2438,,39.6559
2024-01-11,42.9400,43.5900,41.6100,41.9700,1191000,CAVA,41.9220,41.0290,37.0230,38.6300,36.2692,38.3368,,39.6885
2024-01-12,42.9200,43.8600,42.0200,43.0500,1047300,CAVA,42.0055,41.2091,37.2496,38.7982,36.2815,38.4276,,39.7207
2024-01-16,43.7000,44.2300,42.6500,43.3000,1360400,CAVA,42.1595,41.4463,37.4846,38.9905,36.2910,38.5320,,39.7603
2024-01-17,43.9700,45.3700,42.7200,43.1600,2521400,CAVA,42.3560,41.6867,37.6830,39.1857,36.2823,38.6396,,39.8022
2024-01-18,45.4700,45.5600,43.5100,44.6200,1741400,CAVA,42.5550,42.0470,37.8740,39.4322,36.3105,38.7749,,39.8586
2024-01-19,46.2500,46.5080,45.1600,45.9400,1577600,CAVA,42.8195,42.4473,38.1154,39.6995,36.3568,38.9229,,39.9222
2024-01-22,47.8600,47.9400,46.4200,46.4500,1422100,CAVA,43.1575,42.9628,38.3986,40.0196,36.4161,39.0999,,40.0012
2024-01-23,47.3000,48.2100,46.7700,48.0500,1323100,CAVA,43.3845,43.3759,38.7226,40.3051,36.4431,39.2623,,40.0738
2024-01-24,47.8400,48.6900,47.4900,47.7900,1652900,CAVA,43.6805,43.8010,39.0488,40.6006,36.4665,39.4321,,40.1511
2024-01-25,45.8900,48.3200,45.4400,48.0000,1836500,CAVA,43.7850,44.0000,39.3452,40.8080,36.4813,39.5600,,40.2082
2024-01-26,45.8000,46.4900,44.8000,46.1400,1380200,CAVA,43.8530,44.1714,39.6340,41.0038,36.5011,39.6836,,40.2638
2024-01-29,47.6400,47.6400,45.7100,45.7800,1392000,CAVA,44.0035,44.5017,39.9434,41.2640,36.5560,39.8411,,40.3372
2024-01-30,47.6900,47.8500,46.7900,47.3000,853500,CAVA,44.2390,44.8054,40.2206,41.5160,36.6076,39.9966,,40.4104
2024-01-31,46.8000,48.2700,46.5600,47.6000,1257600,CAVA,44.5355,44.9953,40.4710,41.7232,36.6655,40.1313,,40.4739
2024-02-01,49.4100,49.6800,47.1960,47.5000,2383700,CAVA,45.0325,45.4158,40.7768,42.0247,36.7678,40.3150,,40.5628
2024-02-02,49.9300,49.9500,48.1400,49.0000,1667400,CAVA,45.4955,45.8457,41.0978,42.3347,36.8915,40.5054,,40.6561
2024-02-05,49.1000,49.3670,47.8600,48.9800,1275100,CAVA,45.8930,46.1556,41.4116,42.6000,37.0226,40.6756,,40.7401
2024-02-06,49.8000,50.7000,47.6800,49.2300,1732000,CAVA,46.2550,46.5027,41.7400,42.8823,37.1642,40.8563,,40.8302
2024-02-07,51.3500,52.4700,50.0000,50.1600,1842800,CAVA,46.6965,46.9644,42.0816,43.2144,37.3171,41.0641,,40.9349
2024-02-08,52.7700,53.4800,51.1000,51.6400,2342900,CAVA,47.2215,47.5173,42.4652,43.5891,37.4906,41.2959,,41.0527
2024-02-09,52.8800,53.2400,51.7910,53.0750,1918100,CAVA,47.7185,48.0280,42.8510,43.9535,37.6758,41.5253,,41.1703
2024-02-12,53.6800,54.8700,52.5050,52.7800,1103400,CAVA,48.2565,48.5663,43.2446,44.3349,37.8796,41.7660,,41.2948
2024-02-13,53.2200,54.8500,51.8400,52.3700,1368300,CAVA,48.7325,49.0095,43.6288,44.6833,38.0945,41.9928,,41.4135
2024-02-14,53.9700,54.7300,52.9000,54.1200,1129900,CAVA,49.2325,49.4819,43.9838,45.0475,38.3303,42.2299,,41.5384
2024-02-15,54.7000,56.3400,54.2200,54.2200,1554500,CAVA,49.6940,49.9789,44.3550,45.4261,38.5684,42.4769,,41.6694
2024-02-16,54.6300,55.5400,54.0900,54.3000,1360400,CAVA,50.1130,50.4219,44.7264,45.7870,38.7905,42.7175,,41.7983
2024-02-20,54.1800,54.7250,52.9600,54.1000,1135300,CAVA,50.4290,50.7798,45.0826,46.1161,39.0094,42.9445,,41.9215
2024-02-21,48.5100,51.2500,48.1000,50.7300,4248900,CAVA,50.4895,50.5636,45.3860,46.2100,39.1803,43.0547,,41.9871
2024-02-22,50.0000,50.9800,48.5500,49.2800,3288600,CAVA,50.5975,50.5099,45.7412,46.3586,39.3684,43.1922,,42.0668
2024-02-23,51.0000,51.3120,48.7500,50.4900,1867300,CAVA,50.8530,50.5566,46.1114,46.5406,39.5721,43.3469,,42.1557
2024-02-26,50.5000,52.5800,50.3700,51.8800,2745000,CAVA,51.0880,50.5512,46.3440,46.6959,39.7671,43.4885,,42.2387
2024-02-27,56.6600,58.2200,52.8100,54.2900,7878400,CAVA,51.5390,51.1330,46.6522,47.0867,40.0339,43.7493,,42.3822
2024-02-28,56.9000,57.2100,54.2100,55.6800,4659900,CAVA,51.9995,51.6822,46.9778,47.4715,40.2903,44.0097,,42.5267
2024-02-29,58.4100,59.8400,57.1100,58.7700,4773700,CAVA,52.5800,52.3230,47.3452,47.9005,40.5681,44.2949,,42.6847
2024-03-01,58.3000,59.5700,56.8000,59.2700,2518000,CAVA,53.0245,52.8922,47.6814,48.3083,40.8350,44.5722,,42.8401
2024-03-04,57.9700,59.2500,56.4000,58.5400,3250700,CAVA,53.4265,53.3758,48.0216,48.6872,41.1006,44.8375,,42.9907
2024-03-05,57.3600,58.5900,56.0300,57.4400,2485200,CAVA,53.8395,53.7553,48.3468,49.0273,41.3534,45.0855,,43.1336
2024-03-06,59.2500,60.6100,57.9200,58.3000,3221100,CAVA,54.3120,54.2786,48.6766,49.4282,41.6204,45.3660,,43.2940
2024-03-07,61.7200,62.0900,59.3000,59.4400,2727000,CAVA,54.8305,54.9873,49.0726,49.9102,41.9225,45.6898,,43.4773
2024-03-08,63.3400,65.7600,62.8300,63.0000,3507300,CAVA,55.3590,55.7828,49.4634,50.4369,42.2245,46.0393,,43.6750
2024-03-11,62.7800,64.5000,62.1200,62.8300,2003700,CAVA,55.8540,56.4492,49.8302,50.9209,42.5125,46.3708,,43.8651
2024-03-12,65.8400,66.2200,62.5300,62.9000,2457400,CAVA,56.4620,57.3435,50.2544,51.5060,42.8203,46.7563,,44.0837
2024-03-13,65.4400,67.7900,64.8500,66.0500,2931600,CAVA,57.0730,58.1146,50.7036,52.0524,43.1369,47.1263,,44.2962
2024-03-14,63.7000,66.8100,62.9500,66.2800,2760300,CAVA,57.5595,58.6466,51.1602,52.5092,43.4377,47.4545,,44.4893
2024-03-15,64.1600,65.0000,63.3000,63.3700,4535300,CAVA,58.0325,59.1717,51.6540,52.9661,43.7493,47.7853,,44.6850
2024-03-18,62.0500,65.4400,60.7000,64.9000,3411400,CAVA,58.4035,59.4458,52.0816,53.3223,44.0373,48.0678,,44.8578
2024-03-19,65.1000,65.4700,61.4800,62.5800,2736300,CAVA,58.9495,59.9843,52.5606,53.7842,44.3493,48.4051,,45.0592
2024-03-20,68.3200,69.0400,64.6300,64.9100,3518500,CAVA,59.9400,60.7782,53.0758,54.3542,44.7106,48.7994,,45.2907
2024-03-21,67.8200,69.2000,66.2500,67.2500,2607700,CAVA,60.8310,61.4488,53.5818,54.8823,45.0774,49.1761,,45.5149
2024-03-22,67.9600,69.1600,66.8000,67.5000,1469300,CAVA,61.6790,62.0689,54.0956,55.3951,45.4407,49.5480,,45.7382
2024-03-25,68.2500,69.1800,67.6000,68.3200,1279500,CAVA,62.5665,62.6576,54.6018,55.8992,45.8124,49.9184,,45.9622
2024-03-26,68.2200,69.6600,67.9000,68.5200,1695700,CAVA,63.1445,63.1874,55.1078,56.3824,46.1787,50.2808,,46.1837
2024-03-27,69.1700,69.3000,66.8100,68.5000,2614500,CAVA,63.7580,63.7571,55.6172,56.8839,46.5509,50.6548,,46.4124
2024-03-28,70.0500,71.5000,69.5100,70.0000,1860400,CAVA,64.3400,64.3565,56.1388,57.4002,46.9109,51.0389,,46.6476
2024-04-01,68.4000,71.6000,68.0200,71.3800,1998800,CAVA,64.8450,64.7416,56.5974,57.8316,47.2357,51.3827,,46.8640
2024-04-02,65.7500,66.5010,64.0100,65.8800,2946100,CAVA,65.2340,64.8376,56.9874,58.1421,47.5514,51.6672,44.0146,47.0519
2024-04-03,66.7700,67.3200,63.8300,65.3800,2769100,CAVA,65.7045,65.0216,57.3656,58.4804,47.8821,51.9662,44.1296,47.2481
2024-04-04,63.3300,68.1900,63.2500,67.3500,2404300,CAVA,65.9085,64.8605,57.6862,58.6706,48.2044,52.1912,44.2555,47.4082
2024-04-05,64.6500,65.5500,63.3100,63.5400,1315700,CAVA,66.0550,64.8405,58.0224,58.9051,48.5356,52.4380,44.3866,47.5797
2024-04-08,64.9400,65.4000,64.2400,64.8900,889000,CAVA,66.1350,64.8500,58.4034,59.1418,48.8743,52.6855,44.5196,47.7525
2024-04-09,60.2800,64.8800,59.2900,64.5500,4501200,CAVA,66.0100,64.4147,58.6930,59.1864,49.1635,52.8359,44.6252,47.8771
2024-04-10,63.6900,63.8100,59.2200,59.7000,3645700,CAVA,65.9025,64.3457,59.0140,59.3630,49.4787,53.0508,44.7429,48.0345
2024-04-11,66.3800,66.6650,63.8100,64.2300,2247700,CAVA,65.9495,64.5394,59.3878,59.6382,49.8042,53.3148,44.8618,48.2170
2024-04-12,63.7500,66.7900,63.1000,66.0200,2029700,CAVA,65.9520,64.4643,59.7268,59.7994,50.0989,53.5214,44.9528,48.3716
2024-04-15,61.7500,65.3000,61.4400,64.0300,2169500,CAVA,65.8315,64.2058,59.9736,59.8759,50.3752,53.6844,45.0505,48.5047
2024-04-16,62.8600,63.9700,61.8900,62.4900,1408600,CAVA,65.8720,64.0776,60.2322,59.9930,50.6650,53.8661,45.1472,48.6475
2024-04-17,61.5600,63.8500,60.2600,63.4500,1652100,CAVA,65.6950,63.8378,60.4814,60.0544,50.9465,54.0184,45.2502,48.7760
2024-04-18,61.5000,62.9900,60.5000,62.3000,1063800,CAVA,65.3540,63.6152,60.7154,60.1111,51.2277,54.1666,45.3603,48.9026
2024-04-19,59.6700,61.9590,58.6900,61.2500,1666500,CAVA,64.9465,63.2394,60.8818,60.0938,51.4817,54.2755,45.4685,49.0097
2024-04-22,59.6100,60.5700,58.2200,60.0500,1434000,CAVA,64.5290,62.8938,61.0186,60.0748,51.7419,54.3812,45.5705,49.1152
2024-04-23,61.1900,62.4500,60.0900,60.2500,1132700,CAVA,64.1760,62.7315,61.1848,60.1186,52.0179,54.5160,45.6784,49.2354
2024-04-24,60.4100,61.9900,60.1450,61.9800,1061500,CAVA,63.7855,62.5104,61.3194,60.1300,52.2820,54.6327,45.7604,49.3466
2024-04-25,62.5900,63.1500,59.0200,59.5900,2666700,CAVA,63.4565,62.5180,61.5068,60.2265,52.5678,54.7903,45.8461,49.4783
2024-04-26,69.1600,69.9700,62.7400,63.2000,5833600,CAVA,63.4120,63.1506,61.8106,60.5768,52.8972,55.0748,45.9319,49.6742
2024-04-29,70.5900,70.8400,67.8000,69.2200,2846200,CAVA,63.5215,63.8591,62.1284,60.9695,53.2417,55.3821,46.0464,49.8823
2024-04-30,71.9400,74.5800,70.0800,70.3800,3569800,CAVA,63.8310,64.6287,62.4746,61.3997,53.6005,55.7099,46.1678,50.1018
2024-05-01,67.4500,71.9850,66.6000,71.1200,3808800,CAVA,63.8650,64.8974,62.7400,61.6370,53.9113,55.9424,46.2669,50.2744
2024-05-02,68.2000,68.9500,66.1500,68.8500,1475500,CAVA,64.1085,65.2119,63.1338,61.8943,54.2599,56.1851,46.3528,50.4527
2024-05-03,72.1700,72.6300,69.2800,70.0500,2391400,CAVA,64.4845,65.8746,63.5772,62.2973,54.6592,56.5017,46.4711,50.6688
2024-05-06,74.3100,77.1400,73.1690,74.0000,3117800,CAVA,64.9530,66.6780,64.0434,62.7684,55.0774,56.8543,46.5948,50.9041
2024-05-07,74.2400,75.9000,72.0200,74.0000,2001300,CAVA,65.6510,67.3982,64.5182,63.2182,55.4311,57.1986,46.7221,51.1363
2024-05-08,74.1600,75.3520,72.5600,72.7500,1177600,CAVA,66.1745,68.0421,64.8682,63.6473,55.7602,57.5345,46.8265,51.3654
2024-05-09,75.3800,76.3000,73.1650,73.9900,1448500,CAVA,66.6245,68.7410,65.2378,64.1074,56.1078,57.8878,46.9442,51.6043
2024-05-10,79.0700,80.3350,76.9000,77.0000,2775200,CAVA,67.3905,69.7247,65.6510,64.6942,56.4981,58.3073,47.0814,51.8776
2024-05-13,76.3900,79.0900,75.0000,79.0900,2611000,CAVA,68.1225,70.3595,66.0128,65.1529,56.8471,58.6654,47.2139,52.1215
2024-05-14,78.5100,78.9000,76.0390,76.0700,1914000,CAVA,68.9050,71.1357,66.4236,65.6767,57.2226,59.0583,47.3419,52.3841
2024-05-15,78.6300,79.4600,77.1010,79.3500,1470400,CAVA,69.7585,71.8495,66.8490,66.1846,57.5979,59.4459,47.4495,52.6452
2024-05-16,77.3200,79.2000,77.2900,78.4800,1476100,CAVA,70.5495,72.3705,67.2104,66.6213,57.9435,59.7998,47.5512,52.8908
2024-05-17,77.2800,78.1100,75.4100,78.1100,1718400,CAVA,71.4300,72.8380,67.5216,67.0393,58.2971,60.1460,47.6610,53.1334
2024-05-20,80.4700,80.7000,77.1700,77.5900,2059400,CAVA,72.4730,73.5649,67.8642,67.5660,58.6638,60.5484,47.7849,53.4054
2024-05-21,78.2200,81.7400,77.5400,80.8800,2065400,CAVA,73.3245,74.0082,68.1730,67.9838,59.0016,60.8984,47.9088,53.6524
2024-05-22,78.7400,79.3360,76.9010,78.6700,1775100,CAVA,74.2410,74.4589,68.4310,68.4056,59.3427,61.2517,48.0377,53.9020
2024-05-23,77.6000,79.9700,76.3400,79.9700,1641700,CAVA,74.9915,74.7580,68.6742,68.7662,59.6889,61.5754,48.1732,54.1378
2024-05-24,82.9300,84.2000,79.0300,79.0700,3403000,CAVA,75.6800,75.5363,69.0588,69.3216,60.1095,61.9982,48.3475,54.4243
2024-05-28,82.4000,86.2500,81.7800,85.8500,8953200,CAVA,76.2705,76.1900,69.4236,69.8345,60.5388,62.4022,48.5191,54.7026
2024-05-29,88.1600,89.6900,74.2600,79.2700,13457700,CAVA,77.0815,77.3300,69.9458,70.5532,61.0137,62.9123,48.7175,55.0355
2024-05-30,93.1500,96.9300,86.6600,87.3500,10341800,CAVA,78.3665,78.8367,70.5068,71.4393,61.5337,63.5111,48.9440,55.4148
2024-05-31,92.5500,95.6400,89.1300,93.2300,6131500,CAVA,79.5840,80.1427,70.9914,72.2672,62.0336,64.0861,49.1748,55.7843
2024-06-03,88.0000,91.9600,86.0000,89.5000,4845700,CAVA,80.3755,80.8910,71.3950,72.8842,62.4884,64.5596,49.3801,56.1049
2024-06-04,88.3400,89.6700,85.1400,88.2900,4191100,CAVA,81.0770,81.6004,71.8026,73.4903,62.9491,65.0305,49.6100,56.4256
2024-06-05,92.0400,92.5260,87.0400,89.3500,2995900,CAVA,81.9670,82.5947,72.2784,74.2177,63.4401,65.5654,49.8546,56.7800
2024-06-06,85.0400,89.0200,83.3800,87.1800,7824900,CAVA,82.5110,82.8276,72.6148,74.6421,63.8613,65.9510,50.0714,57.0612
2024-06-07,85.0400,86.7300,84.1300,84.6600,3153900,CAVA,82.9940,83.0383,72.9322,75.0499,64.2747,66.3290,50.2828,57.3396
2024-06-10,88.7700,89.1500,84.5500,84.6200,3530000,CAVA,83.4790,83.5842,73.3066,75.5879,64.7227,66.7734,50.5025,57.6523
2024-06-11,89.9000,90.0000,85.8600,87.7500,2396600,CAVA,84.1545,84.1857,73.7366,76.1492,65.1670,67.2313,50.7387,57.9732
2024-06-12,91.5200,92.6100,89.1200,90.2100,2700600,CAVA,84.8050,84.8842,74.2520,76.7519,65.6197,67.7123,50.9882,58.3070
2024-06-13,92.5200,93.1800,89.7500,92.4000,2387500,CAVA,85.4995,85.6114,74.7670,77.3703,66.0663,68.2035,51.2412,58.6474
2024-06-14,89.9300,91.8200,88.0300,91.6100,2501400,CAVA,86.1300,86.0227,75.2990,77.8628,66.4926,68.6338,51.4678,58.9587
2024-06-17,93.9400,94.7800,89.1860,90.0500,3416200,CAVA,86.9630,86.7767,75.8848,78.4933,66.9536,69.1349,51.7100,59.3067
2024-06-18,95.3900,96.9300,93.1360,94.0000,2560900,CAVA,87.7090,87.5970,76.4938,79.1559,67.4486,69.6548,51.9649,59.6658
2024-06-20,92.2300,97.6410,90.6200,95.7500,3316400,CAVA,88.4095,88.0383,77.1328,79.6686,67.9129,70.1018,52.2070,59.9898
2024-06-21,92.4400,92.8300,87.5200,91.0100,2743700,CAVA,89.0945,88.4575,77.7078,80.1695,68.3609,70.5442,52.4584,60.3127
2024-06-24,90.9000,93.3880,89.5700,91.8000,2172000,CAVA,89.7595,88.6901,78.1982,80.5903,68.7930,70.9472,52.7003,60.6170
2024-06-25,93.1100,93.2000,89.7600,92.1900,1942100,CAVA,90.2685,89.1110,78.7854,81.0813,69.2561,71.3861,52.9608,60.9404
2024-06-26,91.7900,94.6000,90.3500,92.8600,2009300,CAVA,90.7380,89.3662,79.3862,81.5012,69.6799,71.7902,53.2238,61.2473
2024-06-27,91.5700,92.3500,89.2200,91.8500,1729900,CAVA,90.9085,89.5761,79.9604,81.8961,70.0963,72.1818,53.4939,61.5490
2024-06-28,92.7500,94.1000,91.1900,91.7400,5194700,CAVA,90.8885,89.8784,80.5842,82.3217,70.5328,72.5891,53.7777,61.8595
2024-07-01,95.2700,96.1600,91.7000,93.7500,2812500,CAVA,91.0245,90.3918,81.2596,82.8295,70.9875,73.0382,54.0758,62.1919
2024-07-02,94.5900,95.9800,92.8160,94.5000,1903400,CAVA,91.3540,90.7917,81.9580,83.2907,71.4199,73.4650,54.3685,62.5143
2024-07-03,94.9200,96.4500,94.0300,94.9800,1193500,CAVA,91.6830,91.1848,82.6642,83.7467,71.8414,73.8899,54.6660,62.8368
2024-07-05,94.9900,95.5100,93.3000,95.5100,1318000,CAVA,91.8305,91.5472,83.3402,84.1876,72.2625,74.3077,54.9691,63.1567
2024-07-08,94.7400,98.6900,93.8900,96.0000,2882100,CAVA,92.3155,91.8513,84.0268,84.6015,72.6731,74.7123,55.2763,63.4709
2024-07-09,90.2400,95.8500,89.1600,94.4700,3394300,CAVA,92.5755,91.6978,84.5798,84.8226,73.0433,75.0198,55.5689,63.7373
2024-07-10,85.3000,90.0000,83.5600,89.9500,5916400,CAVA,92.4020,91.0885,84.9026,84.8413,73.3566,75.2233,55.8434,63.9519
2024-07-11,85.1900,87.9700,83.8600,85.6900,2598200,CAVA,92.1665,90.5268,85.1946,84.8550,73.6615,75.4207,56.1149,64.1632
2024-07-12,84.2500,86.7800,83.4300,85.4600,3446400,CAVA,91.8030,89.9290,85.4408,84.8313,73.9577,75.5955,56.3741,64.3631
2024-07-15,86.6300,87.3000,83.9100,84.5000,2650800,CAVA,91.5085,89.6148,85.8244,84.9018,74.2822,75.8140,56.6458,64.5846
2024-07-16,87.5000,88.5500,85.2300,87.1000,2245400,CAVA,91.3870,89.4134,86.2104,85.0037,74.6721,76.0454,56.9262,64.8126
2024-07-17,81.4800,87.3000,80.5000,85.1500,3419400,CAVA,90.7640,88.6578,86.3966,84.8655,74.9869,76.1531,57.1776,64.9785
2024-07-18,79.9900,81.7000,78.1100,80.6100,3209300,CAVA,89.9940,87.8323,86.5102,84.6743,75.2768,76.2290,57.4244,65.1278
2024-07-19,79.9900,81.5540,79.0100,79.9900,1433500,CAVA,89.3820,87.0854,86.6252,84.4906,75.5717,76.3035,57.6694,65.2757
2024-07-22,80.3100,81.1900,79.1800,80.8000,1454400,CAVA,88.7755,86.4401,86.7482,84.3267,75.8082,76.3828,57.9210,65.4253
2024-07-23,82.5900,83.8200,80.5400,80.7500,1661900,CAVA,88.3600,86.0735,86.8924,84.2586,76.0651,76.5058,58.1777,65.5961
2024-07-24,77.9200,82.0300,77.7700,81.4700,2002100,CAVA,87.6005,85.2969,86.8694,84.0100,76.2602,76.5338,58.4141,65.7187
2024-07-25,78.2300,79.0500,76.0700,78.1400,1587800,CAVA,86.9225,84.6239,86.9062,83.7833,76.4595,76.5674,58.6472,65.8432
2024-07-26,79.8400,81.0000,79.3200,80.8000,1735100,CAVA,86.3360,84.1683,86.9328,83.6287,76.6782,76.6322,58.8894,65.9825
2024-07-29,82.4700,83.9800,79.9000,80.3500,2125400,CAVA,85.8220,84.0066,87.0096,83.5832,76.9293,76.7478,59.1413,66.1466
2024-07-30,81.4400,83.9500,80.2600,82.7200,1626500,CAVA,85.1305,83.7621,87.0920,83.4992,77.1512,76.8407,59.3858,66.2987
2024-07-31,84.2200,84.6500,82.1400,83.4550,1659900,CAVA,84.6120,83.8057,87.2308,83.5275,77.3762,76.9868,59.6493,66.4770
2024-08-01,84.4800,86.5600,83.0900,85.1100,2900300,CAVA,84.0900,83.8699,87.3110,83.5648,77.5876,77.1352,59.9060,66.6562
2024-08-02,81.2400,82.2500,77.0050,80.6450,2589500,CAVA,83.4025,83.6195,87.3714,83.4736,77.7722,77.2165,60.1423,66.8013
2024-08-05,79.8800,81.6800,72.1000,73.2500,2250000,CAVA,82.6595,83.2633,87.3942,83.3327,77.9126,77.2692,60.3664,66.9314
2024-08-06,82.6700,84.1900,79.0000,81.0000,1596800,CAVA,82.2810,83.2068,87.4956,83.3067,78.0849,77.3762,60.6109,67.0880
2024-08-07,82.6500,86.0600,82.4600,83.9100,1516000,CAVA,82.1485,83.1538,87.4900,83.2810,78.2744,77.4806,60.8560,67.2429
2024-08-08,83.9800,84.2500,79.7000,82.8200,2520600,CAVA,82.0880,83.2325,87.5216,83.3084,78.4726,77.6093,61.1109,67.4094
2024-08-09,90.2900,91.6780,85.7700,86.4100,4379400,CAVA,82.3900,83.9046,87.5642,83.5822,78.7550,77.8604,61.3961,67.6371
2024-08-12,89.9100,91.3500,89.0100,90.0000,1731900,CAVA,82.5540,84.4766,87.4994,83.8303,79.0031,78.0990,61.6762,67.8587
2024-08-13,94.4500,95.3700,90.2000,90.3500,2349800,CAVA,82.9015,85.4264,87.5374,84.2468,79.2644,78.4228,61.9875,68.1233
2024-08-14,95.7600,96.3900,93.0610,94.2900,1848100,CAVA,83.6155,86.4106,87.6926,84.6983,79.5438,78.7661,62.3106,68.3983
2024-08-15,97.2400,98.4050,95.3800,96.9400,1757500,CAVA,84.4780,87.4419,87.8706,85.1901,79.8366,79.1319,62.6386,68.6853
2024-08-16,98.9600,99.5000,96.7000,96.7000,1867200,CAVA,85.4265,88.5389,88.0090,85.7301,80.1437,79.5245,62.9780,68.9865
2024-08-19,100.2000,100.3800,96.5000,99.3700,2237700,CAVA,86.4210,89.6495,88.3122,86.2976,80.4635,79.9340,63.3211,69.2971
2024-08-20,98.2100,101.2000,96.9300,100.2000,1505300,CAVA,87.2020,90.4648,88.5756,86.7647,80.7539,80.2959,63.6524,69.5848
2024-08-21,102.8700,102.9000,97.3500,97.8600,2442300,CAVA,88.4495,91.6462,88.8576,87.3963,81.0821,80.7429,63.9965,69.9160
2024-08-22,101.9800,104.8400,101.8000,102.9600,6508800,CAVA,89.6370,92.6304,89.0992,87.9682,81.4179,81.1634,64.3268,70.2350
2024-08-23,122.0000,125.8700,110.0000,110.2300,21800500,CAVA,91.7450,95.4275,89.7088,89.3028,81.9804,81.9721,64.7659,70.7501
2024-08-26,125.8000,128.1800,121.8800,123.4100,10981800,CAVA,93.9115,98.3201,90.3744,90.7340,82.5707,82.8399,65.2264,71.2979
2024-08-27,118.1000,120.2000,113.9000,115.9000,12333500,CAVA,95.7445,100.2039,90.9378,91.8072,83.1184,83.5382,65.6614,71.7636
2024-08-28,118.4400,119.9200,116.4400,117.8500,4561200,CAVA,97.4555,101.9407,91.4278,92.8516,83.6563,84.2293,66.0959,72.2280
2024-08-29,110.8700,116.2000,110.6600,115.9300,5440300,CAVA,98.7750,102.7911,91.7374,93.5582,84.1156,84.7568,66.4949,72.6125
2024-08-30,114.0400,114.0400,110.3000,112.0000,2956000,CAVA,100.4150,103.8624,92.1736,94.3615,84.6532,85.3367,66.9083,73.0247
2024-09-03,111.9200,114.8600,110.3400,112.9400,2644300,CAVA,102.0170,104.6298,92.5632,95.0500,85.1355,85.8631,67.3071,73.4117
2024-09-04,113.9700,114.6800,110.3100,110.3100,2036800,CAVA,103.5820,105.5193,93.0246,95.7920,85.6114,86.4197,67.7078,73.8153
2024-09-05,116.7100,118.1500,113.6600,113.7300,2370200,CAVA,105.2850,106.5851,93.4966,96.6123,86.1410,87.0195,68.1199,74.2421
2024-09-06,116.1300,118.4200,113.1300,117.5200,2173300,CAVA,106.8925,107.4942,93.9834,97.3777,86.6848,87.5959,68.5300,74.6589
2024-09-09,120.0900,121.9800,117.0700,117.1300,3779400,CAVA,108.3825,108.6938,94.5538,98.2684,87.2571,88.2394,68.9610,75.1109
2024-09-10,119.7300,122.2700,118.4100,120.5600,2104000,CAVA,109.8735,109.7448,95.0934,99.1100,87.8388,88.8629,69.3926,75.5549
2024-09-11,121.2500,121.5300,118.7900,120.0000,1917700,CAVA,111.2135,110.8406,95.6130,99.9782,88.4363,89.5043,69.8320,76.0096
2024-09-12,125.4700,126.2400,119.9000,121.2500,3099700,CAVA,112.6990,112.2338,96.2306,100.9779,89.0943,90.2165,70.2880,76.5017
2024-09-13,122.5100,127.0000,121.6100,126.5200,2879600,CAVA,113.9625,113.2125,96.7824,101.8223,89.7233,90.8559,70.7326,76.9595
2024-09-16,122.8500,123.8500,120.2500,122.7400,2231200,CAVA,115.1570,114.1304,97.3396,102.6469,90.3399,91.4895,71.1789,77.4162
2024-09-17,122.4700,125.4600,121.2600,123.8600,2151100,CAVA,116.2705,114.9246,97.8942,103.4243,90.9605,92.1030,71.6212,77.8645
2024-09-18,124.3000,126.1440,122.6100,123.0000,1790200,CAVA,117.5750,115.8175,98.5754,104.2430,91.5776,92.7405,72.0727,78.3265
2024-09-19,125.2200,127.5200,123.7500,126.3400,2077700,CAVA,118.6925,116.7130,99.3738,105.0656,92.1382,93.3837,72.5177,78.7931
2024-09-20,128.7900,129.5000,124.7500,125.2300,8209700,CAVA,120.0330,117.8632,100.2458,105.9960,92.7202,94.0848,72.9809,79.2906
2024-09-23,128.2700,131.8200,127.6100,130.5000,2509300,CAVA,120.3465,118.8543,101.1262,106.8694,93.2835,94.7617,73.4420,79.7779
2024-09-24,127.4400,129.0550,126.1100,128.1300,1903800,CAVA,120.4285,119.6720,101.9424,107.6761,93.8834,95.4088,73.8973,80.2522
2024-09-25,126.8400,129.1000,125.7600,128.0000,1811200,CAVA,120.8655,120.3547,102.7292,108.4277,94.4698,96.0312,74.3648,80.7157
2024-09-26,127.1200,128.8800,126.0200,127.9000,1835600,CAVA,121.2995,120.9990,103.6420,109.1607,95.0193,96.6468,74.8392,81.1775
2024-09-27,123.7600,127.2950,121.8900,127.2500,3181200,CAVA,121.9440,121.2619,104.5174,109.7332,95.5138,97.1837,75.2956,81.6012
2024-09-30,123.8500,125.2500,120.1000,123.3000,3228800,CAVA,122.4345,121.5084,105.3946,110.2868,96.0099,97.7118,75.7205,82.0216
2024-10-01,122.4300,125.6560,122.2800,124.1100,2235100,CAVA,122.9600,121.5962,106.2370,110.7630,96.4926,98.2013,76.1264,82.4236
2024-10-02,122.9200,123.3550,118.6200,121.0000,1667400,CAVA,123.4075,121.7223,107.0436,111.2398,96.9680,98.6907,76.5379,82.8266
2024-10-03,124.9300,125.2200,121.8900,122.9200,1406200,CAVA,123.8185,122.0278,107.9838,111.7766,97.4266,99.2103,76.9623,83.2455
2024-10-04,126.6000,128.5900,125.5900,126.5000,1901400,CAVA,124.3420,122.4632,108.9512,112.3579,97.9287,99.7527,77.3879,83.6769
2024-10-07,126.0000,128.5500,124.8100,127.0000,2111900,CAVA,124.6375,122.8001,109.8744,112.8929,98.4036,100.2724,77.8131,84.0980
2024-10-08,131.9900,133.5400,126.7000,126.7900,3330200,CAVA,125.2505,123.6753,110.8648,113.6418,98.9372,100.9005,78.2675,84.5746
2024-10-09,131.8600,133.9500,129.1400,132.9600,1670300,CAVA,125.7810,124.4548,111.8732,114.3563,99.4826,101.5136,78.7130,85.0451
2024-10-10,130.2400,131.7400,128.8000,130.8600,1236800,CAVA,126.0195,125.0058,112.7936,114.9792,100.0122,102.0824,79.1547,85.4948
2024-10-11,133.6500,134.1900,130.5700,130.5700,1648800,CAVA,126.5765,125.8290,113.7770,115.7114,100.5440,102.7075,79.6039,85.9739
2024-10-14,134.7500,135.5700,132.0100,134.6800,2322500,CAVA,127.1715,126.6786,114.8472,116.4580,101.1093,103.3420,80.0555,86.4593
2024-10-15,133.9100,134.4300,128.2000,133.5000,2484400,CAVA,127.7435,127.3673,115.9278,117.1424,101.6610,103.9473,80.5019,86.9314
2024-10-16,134.1600,134.8790,131.0500,134.8100,1057600,CAVA,128.2365,128.0143,116.9576,117.8097,102.2266,104.5456,80.9578,87.4014
2024-10-17,134.2900,135.6300,133.2000,134.9100,1269300,CAVA,128.6900,128.6119,117.9904,118.4560,102.7402,105.1346,81.4249,87.8679
2024-10-18,135.3400,135.8600,133.8000,134.7900,1068800,CAVA,129.0175,129.2527,119.0176,119.1181,103.2696,105.7327,81.9042,88.3403
2024-10-21,136.3200,136.9600,134.1200,135.3000,1433000,CAVA,129.4200,129.9258,119.9382,119.7927,103.7512,106.3384,82.3825,88.8177
2024-10-22,136.2700,136.4200,134.7800,135.6350,1164400,CAVA,129.8615,130.5300,120.8654,120.4389,104.1824,106.9311,82.8581,89.2898
2024-10-23,136.5600,138.1200,134.0400,135.2600,1512200,CAVA,130.3475,131.1043,121.7076,121.0711,104.6225,107.5178,83.3281,89.7602
2024-10-24,138.6500,139.5000,137.4600,138.0000,2038500,CAVA,130.9240,131.8229,122.5654,121.7604,105.1290,108.1343,83.8087,90.2467
2024-10-25,136.0900,140.6900,135.7400,139.5550,1937600,CAVA,131.5405,132.2293,123.3424,122.3224,105.6065,108.6879,84.2778,90.7028
2024-10-28,138.4700,141.2500,136.9700,137.0000,1917300,CAVA,132.2715,132.8237,124.1326,122.9556,106.0708,109.2776,84.7554,91.1781
2024-10-29,138.0000,139.0000,136.3000,139.0000,1644200,CAVA,133.0500,133.3166,124.8886,123.5456,106.6004,109.8464,85.2308,91.6440
2024-10-30,133.8200,136.8100,132.3300,136.5100,2132700,CAVA,133.5950,133.3646,125.6008,123.9485,107.0882,110.3211,85.6815,92.0637
2024-10-31,133.5600,135.1300,132.1000,132.4800,1360000,CAVA,134.0265,133.3832,126.2146,124.3254,107.5361,110.7813,86.1294,92.4766
2024-11-01,131.5300,134.8700,129.5050,133.9000,2592300,CAVA,134.2730,133.2067,126.8056,124.6080,107.9524,111.1922,86.5597,92.8652
2024-11-04,132.1200,133.7900,131.0500,131.9000,1166200,CAVA,134.5790,133.1032,127.0080,124.9026,108.3584,111.6066,86.9890,93.2557
2024-11-05,132.5200,136.6900,132.4400,132.6500,1514400,CAVA,134.6055,133.0477,127.1424,125.2013,108.7584,112.0207,87.4123,93.6464
2024-11-06,139.0000,139.0000,133.4000,135.6250,2017300,CAVA,134.9625,133.6146,127.5604,125.7424,109.2491,112.5549,87.8708,94.0977
2024-11-07,141.3800,141.6200,137.8830,139.6700,2189700,CAVA,135.5195,134.3541,128.0192,126.3556,109.7235,113.1257,88.3386,94.5682
2024-11-08,147.2000,147.6100,140.3300,140.3300,2296200,CAVA,136.1970,135.5775,128.7458,127.1731,110.2416,113.8005,88.8451,95.0919
2024-11-11,147.8000,151.5600,146.8100,151.1600,2922200,CAVA,136.8495,136.7416,129.4210,127.9820,110.7973,114.4737,89.3551,95.6163
2024-11-12,145.0300,149.9100,143.2360,147.4100,5322500,CAVA,137.4055,137.5310,130.0832,128.6505,111.3232,115.0788,89.8421,96.1080
2024-11-13,147.3000,172.4300,146.0500,168.1600,13077000,CAVA,138.0625,138.4613,130.7498,129.3819,111.8872,115.7168,90.3401,96.6174
2024-11-14,138.3400,148.7700,136.2000,147.5600,5909200,CAVA,138.2650,138.4498,131.1824,129.7332,112.3395,116.1648,90.7978,97.0325
2024-11-15,141.3800,142.0900,135.0100,137.7500,3975500,CAVA,138.5670,138.7289,131.6874,130.1899,112.8354,116.6641,91.2577,97.4738
2024-11-18,137.2400,140.0700,133.0000,134.3550,6315500,CAVA,138.6130,138.5871,132.0304,130.4664,113.2921,117.0716,91.6942,97.8695
2024-11-19,141.2500,143.0800,136.1000,136.2050,4379000,CAVA,138.8620,138.8407,132.4608,130.8893,113.7771,117.5504,92.1550,98.3011
2024-11-20,139.6900,143.0000,137.4000,142.7200,2366700,CAVA,139.0185,138.9216,132.8296,131.2344,114.2213,117.9888,92.6044,98.7130
2024-11-21,144.8000,145.2000,137.2700,140.1000,3542600,CAVA,139.3260,139.4814,133.2162,131.7664,114.7234,118.5197,93.0717,99.1716
2024-11-22,145.0000,149.7500,144.8000,146.1800,3637700,CAVA,139.7715,140.0070,133.6660,132.2854,115.2242,119.0440,93.5328,99.6276
2024-11-25,142.5400,148.0000,140.7800,148.0000,3093200,CAVA,139.9750,140.2482,134.0598,132.6875,115.6997,119.5093,93.9811,100.0545
2024-11-26,143.5200,143.9000,140.5700,141.1600,1931100,CAVA,140.2510,140.5598,134.4808,133.1123,116.1875,119.9848,94.4303,100.4870
2024-11-27,141.2000,144.3500,139.8600,143.9250,1709600,CAVA,140.6200,140.6208,134.8188,133.4295,116.6971,120.4049,94.8702,100.8921
2024-11-29,140.9000,143.6700,140.9000,141.8600,1054100,CAVA,140.9870,140.6474,135.1324,133.7224,117.2531,120.8107,95.3049,101.2902
2024-12-02,140.8500,146.6000,140.6500,141.0700,2724800,CAVA,141.4530,140.6667,135.3736,134.0019,117.8097,121.2075,95.7356,101.6839
2024-12-03,141.8400,145.3660,140.6200,140.8800,1726300,CAVA,141.9390,140.7784,135.6450,134.3093,118.3856,121.6161,96.1717,102.0834
2024-12-04,147.6000,147.8600,142.5100,143.3300,2389700,CAVA,142.6930,141.4281,136.0482,134.8305,118.9953,122.1306,96.6388,102.5363
2024-12-05,150.5000,153.3400,145.6500,147.0000,3344800,CAVA,143.2680,142.2921,136.5214,135.4450,119.6253,122.6924,97.1487,103.0136
2024-12-06,150.8800,151.9100,145.8800,151.0600,2269800,CAVA,143.7430,143.1100,136.9966,136.0503,120.3193,123.2506,97.6531,103.4899
2024-12-09,132.5700,149.3500,132.3600,148.9100,7639300,CAVA,143.0115,142.1062,137.1728,135.9138,120.8451,123.4351,98.0610,103.7792
2024-12-10,127.3900,135.2600,126.1400,133.5100,5425800,CAVA,141.9910,140.7046,137.2436,135.5795,121.3191,123.5134,98.4454,104.0141
2024-12-11,127.5900,131.0800,126.4600,130.2100,2705000,CAVA,141.1190,139.4556,137.3468,135.2662,121.7919,123.5942,98.8001,104.2487
2024-12-12,125.3700,128.5900,125.3000,126.7500,1663600,CAVA,140.0225,138.1141,137.3958,134.8781,122.2197,123.6293,99.1424,104.4589
2024-12-13,124.0500,126.6500,123.1520,126.1620,2470400,CAVA,139.3080,136.7747,137.3782,134.4535,122.6810,123.6377,99.4706,104.6538
2024-12-16,126.7900,127.0500,123.5700,124.5000,2630000,CAVA,138.5785,135.8238,137.3820,134.1530,123.1666,123.7001,99.8131,104.8741
2024-12-17,123.3700,126.0250,123.1910,125.8800,1926500,CAVA,137.8850,134.6377,137.3294,133.7301,123.6019,123.6935,100.1401,105.0581
2024-12-18,117.2000,125.3400,116.1100,125.0000,3289200,CAVA,136.6825,132.9770,137.0336,133.0819,123.9492,123.5650,100.4393,105.1789
2024-12-19,117.0500,120.5000,115.5300,119.1000,3151200,CAVA,135.5505,131.4601,136.7374,132.4532,124.3053,123.4359,100.7283,105.2971
2024-12-20,119.0500,120.7700,114.2500,114.8500,2952500,CAVA,134.2630,130.2782,136.5136,131.9276,124.6536,123.3491,101.0149,105.4339
2024-12-23,117.8400,118.8920,115.8900,118.8920,1635400,CAVA,132.9050,129.0936,136.1974,131.3751,124.9872,123.2400,101.2874,105.5574
2024-12-24,118.5200,118.7000,116.8000,117.4000,687600,CAVA,131.7040,128.0866,135.8728,130.8710,125.3600,123.1465,101.5661,105.6863
2024-12-26,116.4900,117.6570,115.7200,117.3500,1630100,CAVA,130.3525,126.9822,135.5244,130.3070,125.7261,123.0147,101.8194,105.7938
2024-12-27,114.3700,115.6400,112.7700,115.6200,1854300,CAVA,129.0110,125.7810,135.1286,129.6820,126.0431,122.8435,102.0640,105.8792
2024-12-30,111.5200,113.5200,110.5950,111.7800,2050500,CAVA,127.5420,124.4228,134.6732,128.9698,126.3318,122.6193,102.3031,105.9353
2024-12-31,112.8000,115.0100,112.0000,112.2600,2044800,CAVA,126.1395,123.3159,134.2224,128.3357,126.6200,122.4249,102.5463,106.0036
2025-01-02,115.1800,117.4700,112.2900,113.3800,2211900,CAVA,124.8065,122.5410,133.7996,127.8198,126.8689,122.2814,102.8120,106.0949
2025-01-03,115.0800,116.0400,112.7800,115.8300,1876100,CAVA,123.1805,121.8305,133.3758,127.3202,127.1206,122.1388,103.0619,106.1843
2025-01-06,118.8800,120.7700,116.2600,117.0700,3190600,CAVA,121.5995,121.5495,133.0222,126.9892,127.3649,122.0743,103.3147,106.3106
2025-01-07,112.8200,119.8500,111.4270,119.0000,3108000,CAVA,119.6965,120.7181,132.5056,126.4335,127.5355,121.8910,103.5397,106.3754
2025-01-08,114.5900,116.1050,112.2600,112.8200,1932700,CAVA,118.7975,120.1345,132.0756,125.9691,127.7090,121.7464,103.7728,106.4571
2025-01-10,115.1200,115.3700,111.5400,112.1600,1406300,CAVA,118.1840,119.6569,131.6086,125.5436,127.8706,121.6152,104.0072,106.5433
2025-01-13,111.0300,113.3190,109.2320,112.5000,2182900,CAVA,117.3560,118.8353,131.0692,124.9745,127.9789,121.4056,104.2212,106.5880
2025-01-14,112.4200,112.8000,110.2200,112.4800,1333000,CAVA,116.7085,118.2243,130.6412,124.4821,128.1210,121.2277,104.4375,106.6460
2025-01-15,115.6100,116.8600,113.3100,116.0000,1760700,CAVA,116.2865,117.9753,130.2822,124.1342,128.2484,121.1164,104.6653,106.7352
2025-01-16,117.5100,118.1800,115.4900,116.0500,1747600,CAVA,115.8225,117.9310,130.0018,123.8744,128.4037,121.0450,104.9108,106.8424
2025-01-17,118.2300,119.7400,116.6320,119.2000,1724200,CAVA,115.5655,117.9595,129.7240,123.6531,128.3660,120.9893,105.1732,106.9557
2025-01-21,120.5000,121.4000,118.3000,119.9800,2302900,CAVA,115.7305,118.2014,129.4836,123.5294,128.3130,120.9796,105.4419,107.0905
2025-01-22,123.3900,126.4800,120.0600,122.3600,2665900,CAVA,116.0475,118.6956,129.1714,123.5240,128.3659,121.0273,105.7422,107.2527
2025-01-23,124.0100,125.1300,120.5100,122.2200,2208600,CAVA,116.2955,119.2017,128.8240,123.5430,128.4216,121.0864,106.0390,107.4194
2025-01-24,124.8800,125.5600,123.1300,123.8100,1636900,CAVA,116.6475,119.7425,128.3776,123.5955,128.5617,121.1615,106.3387,107.5932
2025-01-27,122.9700,126.0000,120.6950,121.0700,1801200,CAVA,116.8700,120.0499,127.8810,123.5709,128.6510,121.1973,106.6521,107.7462
2025-01-28,125.9600,126.1400,121.5500,123.6800,1262200,CAVA,117.3435,120.6128,127.4996,123.6646,128.7914,121.2916,106.9635,107.9274
2025-01-29,135.3300,135.7300,126.7500,126.9100,3869600,CAVA,118.3915,122.0144,127.2602,124.1221,129.0050,121.5696,107.3082,108.2001
2025-01-30,138.9500,140.0000,136.2000,136.7100,1808500,CAVA,119.7630,123.6273,127.2724,124.7036,129.2274,121.9138,107.6842,108.5060
2025-01-31,135.0500,140.6020,134.5200,139.7500,1701900,CAVA,120.8755,124.7152,127.1458,125.1093,129.4166,122.1739,108.0507,108.7701
2025-02-03,137.3200,138.5200,128.5700,130.7500,2413000,CAVA,121.9825,125.9156,127.1474,125.5882,129.5889,122.4738,108.4230,109.0542
2025-02-04,142.2700,143.2000,137.6400,138.0000,2187100,CAVA,123.3420,127.4732,127.1678,126.2424,129.8143,122.8658,108.8266,109.3847
2025-02-05,142.9000,143.0100,139.3300,142.5000,1549100,CAVA,124.5430,128.9424,127.2320,126.8956,130.0308,123.2626,109.2336,109.7182
2025-02-06,141.9500,143.8900,139.6300,143.1600,1187900,CAVA,125.9995,130.1812,127.1750,127.4860,130.1956,123.6326,109.6450,110.0389
2025-02-07,138.4000,144.4900,137.6700,142.2800,1522900,CAVA,127.1900,130.9640,127.0430,127.9140,130.3545,123.9250,110.0389,110.3211
2025-02-10,140.6200,141.7500,139.0000,140.1600,1247600,CAVA,128.4650,131.8836,127.0046,128.4122,130.5322,124.2556,110.4361,110.6226
2025-02-11,130.8700,139.6200,130.7600,139.4900,2319600,CAVA,129.4570,131.7871,126.7516,128.5086,130.6162,124.3866,110.7884,110.8241
2025-02-12,130.3000,130.7440,127.5100,128.5100,1848900,CAVA,130.3510,131.6454,126.5336,128.5789,130.6762,124.5037,111.1269,111.0179
2025-02-13,130.5000,134.8920,128.9400,132.6800,1927700,CAVA,131.0955,131.5364,126.3256,128.6542,130.7290,124.6224,111.4336,111.2117
2025-02-14,131.0700,131.6000,126.6400,130.2800,1594900,CAVA,131.7735,131.4919,126.1300,128.7490,130.7518,124.7501,111.7360,111.4093
2025-02-18,133.3100,134.7300,129.4000,131.2250,1755700,CAVA,132.5275,131.6651,125.9594,128.9278,130.8022,124.9196,112.0429,111.6272
2025-02-19,119.4200,132.4700,117.8200,132.4700,4462600,CAVA,132.4735,130.4989,125.3958,128.5550,130.7220,124.8107,112.3027,111.7048
2025-02-20,118.6000,119.2080,114.6400,118.7100,2824600,CAVA,132.2340,129.3657,124.7578,128.1646,130.6396,124.6877,112.5547,111.7734
2025-02-21,107.9300,119.0060,107.5500,118.0200,4391700,CAVA,131.4300,127.3242,123.8988,127.3711,130.4477,124.3559,112.7335,111.7351
2025-02-24,104.2200,108.9800,101.2800,108.8000,4582100,CAVA,130.3970,125.1238,123.3318,126.4632,130.2523,123.9572,112.8831,111.6604
2025-02-25,99.3000,103.0000,97.7330,102.6450,7747200,CAVA,129.2135,122.6644,122.7700,125.3980,130.0068,123.4689,113.0084,111.5374
2025-02-26,98.9600,101.5850,94.5500,101.3000,9136900,CAVA,127.8635,120.4068,122.1974,124.3612,129.7721,122.9836,113.1324,111.4122
2025-02-27,90.0800,98.9800,89.6800,98.0700,5333400,CAVA,125.6010,117.5185,121.4916,123.0168,129.4437,122.3320,113.2059,111.2000
2025-02-28,95.0300,95.4100,88.7500,90.2950,5523100,CAVA,123.4050,115.3768,120.9112,121.9193,129.1447,121.7914,113.2857,111.0391
2025-03-03,87.6500,95.5100,87.2300,95.1000,4299000,CAVA,121.0350,112.7361,120.1284,120.5754,128.7552,121.1153,113.3420,110.8063
2025-03-04,86.2500,87.3700,81.6800,85.2250,5425300,CAVA,118.4815,110.2136,119.3860,119.2293,128.3577,120.4249,113.3807,110.5620
2025-03-05,86.7600,87.2200,83.8900,86.0000,3691500,CAVA,115.7060,107.9800,118.7772,117.9560,127.9054,119.7583,113.4213,110.3252
2025-03-06,82.6500,87.1700,82.2100,84.0100,5098500,CAVA,112.6935,105.5676,118.0892,116.5714,127.4133,119.0235,113.4480,110.0498
2025-03-07,84.1200,84.7300,78.5400,82.3400,4108600,CAVA,109.8020,103.5250,117.3906,115.2988,126.9521,118.3323,113.4822,109.7918
2025-03-10,80.4400,83.2710,77.8000,81.0100,4362100,CAVA,106.9040,101.3264,116.6426,113.9318,126.4200,117.5820,113.4820,109.4997
2025-03-11,80.0100,82.1000,78.3900,79.9050,3331100,CAVA,103.8735,99.2963,115.8724,112.6016,125.8726,116.8380,113.4910,109.2063
2025-03-12,82.3800,83.7000,80.0900,81.8000,2432500,CAVA,101.4490,97.6852,115.1902,111.4164,125.3573,116.1556,113.5092,108.9394
2025-03-13,74.0700,82.3700,73.9100,82.3700,5008800,CAVA,98.6375,95.4361,114.3842,109.9518,124.7564,115.3223,113.4915,108.5924
2025-03-14,77.4800,78.6500,75.5000,75.8500,3285500,CAVA,95.9865,93.7260,113.7034,108.6784,124.1883,114.5729,113.4643,108.2828
2025-03-17,78.5900,79.8100,75.3400,78.4750,3092100,CAVA,93.3625,92.2845,113.0192,107.4985,123.6208,113.8604,113.4452,107.9874
2025-03-18,76.7800,77.8750,75.6000,77.3700,2072800,CAVA,90.5360,90.8079,112.2512,106.2938,123.0254,113.1261,113.3883,107.6769
2025-03-19,81.0000,82.5100,76.6550,77.5100,4364800,CAVA,88.6150,89.8738,111.5696,105.3019,122.4727,112.4899,113.3276,107.4114
2025-03-20,84.6600,86.6700,81.7000,82.6200,5887300,CAVA,86.9180,89.3772,110.8852,104.4924,121.9537,111.9389,113.2881,107.1850
2025-03-21,83.8500,84.1900,81.1300,83.3300,3610300,CAVA,85.7140,88.8508,110.3058,103.6829,121.4057,111.3826,113.2674,106.9528
2025-03-24,90.3300,90.4900,86.4000,87.3400,3713100,CAVA,85.0195,88.9917,109.8206,103.1593,120.9481,110.9658,113.2773,106.7874
2025-03-25,90.2800,93.7300,89.0400,92.4850,2926000,CAVA,84.5685,89.1144,109.3238,102.6542,120.4662,110.5561,113.2685,106.6232
2025-03-26,86.6700,90.1700,85.5000,89.5800,2887700,CAVA,83.9540,88.8816,108.8366,102.0274,119.9529,110.0831,113.2767,106.4247
2025-03-27,88.3900,92.0350,88.3500,89.6250,6143600,CAVA,83.8695,88.8348,108.3560,101.4926,119.4986,109.6536,113.2934,106.2452
2025-03-28,85.8500,88.1000,84.6600,87.0600,14361000,CAVA,83.4105,88.5505,107.7608,100.8792,119.0215,109.1822,113.2788,106.0423
2025-03-31,86.4100,87.2100,81.7400,82.6800,4160100,CAVA,83.3485,88.3467,107.1388,100.3117,118.5703,108.7313,113.2614,105.8469
2025-04-01,87.2000,87.8000,84.9400,86.2350,2586700,CAVA,83.3960,88.2375,106.5182,99.7975,118.1211,108.3049,113.2398,105.6614
2025-04-02,90.3500,91.6200,84.5800,85.1100,3034600,CAVA,83.5755,88.4386,105.9152,99.4271,117.6994,107.9494,113.2289,105.5090
2025-04-03,84.1800,85.1900,81.0990,83.5700,3827400,CAVA,83.6520,88.0331,105.1310,98.8291,117.1512,107.4787,113.2002,105.2968
2025-04-04,75.1900,80.1500,72.9100,80.0000,8164000,CAVA,83.2055,86.8099,104.1546,97.9021,116.4893,106.8393,113.1064,104.9972
2025-04-07,79.3000,84.9900,70.0000,70.9000,5948200,CAVA,83.1485,86.0947,103.2430,97.1726,115.8103,106.2940,113.0260,104.7415
2025-04-08,78.4600,85.4650,76.9100,84.5700,3271300,CAVA,83.0710,85.3676,102.3528,96.4388,115.1169,105.7428,112.9571,104.4800
2025-04-09,91.9500,93.4100,78.7500,79.0100,6259200,CAVA,83.5495,85.9945,101.6726,96.2628,114.5861,105.4697,112.9547,104.3553
2025-04-10,88.7700,89.4300,84.0000,89.0000,3267800,CAVA,84.2845,86.2588,100.7414,95.9689,114.0008,105.1390,112.9440,104.2003
2025-04-11,90.0700,90.1100,85.7950,88.8300,1752100,CAVA,84.9140,86.6218,99.7638,95.7376,113.5181,104.8406,112.9288,104.0597
2025-04-14,89.0400,93.2500,87.5100,92.4900,2078900,CAVA,85.4365,86.8521,98.8436,95.4749,112.9947,104.5277,112.9151,103.9102
2025-04-15,88.3300,90.4220,86.9700,89.1300,1945400,CAVA,86.0140,86.9928,97.8638,95.1947,112.5056,104.2070,112.8989,103.7552
2025-04-16,85.5600,87.5700,83.3500,86.5000,1924600,CAVA,86.2420,86.8564,96.7296,94.8169,111.9487,103.8377,112.8629,103.5741
2025-04-17,86.0000,86.3600,83.4200,85.7900,1916800,CAVA,86.3090,86.7748,95.5916,94.4712,111.4118,103.4845,112.8166,103.3993
2025-04-21,80.3700,84.8900,78.0300,84.8000,3563400,CAVA,86.1350,86.1648,94.3600,93.9182,110.7675,103.0268,112.7455,103.1701
2025-04-22,81.3000,82.8200,80.0000,81.5600,2406100,CAVA,85.6835,85.7015,93.2180,93.4233,110.1305,102.5966,112.6774,102.9525
2025-04-23,86.4500,90.9000,85.7500,88.0000,3073900,CAVA,85.4920,85.7728,92.1346,93.1499,109.5696,102.2768,112.6347,102.7883
2025-04-24,91.0200,91.4900,86.0260,86.5500,1970100,CAVA,85.7095,86.2725,91.3376,93.0663,109.0446,102.0539,112.6161,102.6712
2025-04-25,90.8000,91.9500,90.1500,91.1300,1878200,CAVA,85.8300,86.7037,90.5476,92.9775,108.5406,101.8311,112.6189,102.5531
2025-04-28,93.1600,93.9500,90.8000,91.2800,2646800,CAVA,86.1955,87.3186,89.8008,92.9846,108.0632,101.6594,112.6582,102.4596
2025-04-29,91.9100,93.3410,90.0700,92.9800,2345800,CAVA,86.4705,87.7559,89.0176,92.9425,107.5738,101.4663,112.6918,102.3547
2025-04-30,92.4300,92.6600,87.3500,88.2900,2240900,CAVA,86.7320,88.2010,88.2000,92.9224,107.0797,101.2874,112.7327,102.2559
2025-05-01,94.5300,96.7300,93.5200,94.9700,3161900,CAVA,86.9410,88.8038,87.7022,92.9854,106.5490,101.1536,112.7722,102.1790
2025-05-02,96.6500,97.4120,94.7500,95.8900,2407400,CAVA,87.5645,89.5511,87.2632,93.1291,106.0105,101.0644,112.8179,102.1240
2025-05-05,95.8400,97.9770,95.3700,95.3750,1947100,CAVA,88.5970,90.1500,87.0214,93.2354,105.4601,100.9609,112.8897,102.0615
2025-05-06,93.3200,94.5000,90.7500,93.5000,2837800,CAVA,89.2980,90.4519,86.8034,93.2388,105.0676,100.8096,112.9564,101.9745
2025-05-07,93.8000,95.7480,93.1200,94.3300,2274400,CAVA,90.0650,90.7708,86.6934,93.2608,104.7317,100.6708,113.0254,101.8932
2025-05-08,95.9400,96.7500,94.1820,95.1000,2189100,CAVA,90.2645,91.2631,86.6330,93.3658,104.4152,100.5771,113.1036,101.8339
2025-05-09,93.9100,96.7110,93.2400,96.3600,1933400,CAVA,90.5215,91.5152,86.7096,93.3872,104.1006,100.4451,113.1602,101.7551
2025-05-12,98.7400,99.6600,95.7650,98.5000,2550000,CAVA,90.9550,92.2032,86.7838,93.5971,103.8475,100.4114,113.2643,101.7251
2025-05-13,99.7000,101.5000,98.9300,99.5000,3220500,CAVA,91.4880,92.9172,87.0248,93.8364,103.5766,100.3973,113.3716,101.7049
2025-05-14,99.5400,100.8500,98.5010,100.0000,2710600,CAVA,92.0485,93.5480,87.2906,94.0601,103.3383,100.3803,113.4701,101.6834
2025-05-15,99.0600,100.9400,98.3060,99.5400,5067800,CAVA,92.7235,94.0729,87.5366,94.2562,103.1569,100.3541,113.5531,101.6573
2025-05-16,96.8100,97.6750,93.0200,97.0200,9838800,CAVA,93.2640,94.3336,87.8198,94.3563,102.9545,100.2840,113.6299,101.6091
2025-05-19,90.0600,94.8000,90.0200,94.8000,5475600,CAVA,93.7485,93.9266,87.9386,94.1878,102.6646,100.0815,113.6591,101.4941
2025-05-20,89.3800,91.5500,88.9500,90.6500,4155600,CAVA,94.1525,93.4936,88.1174,93.9993,102.3800,99.8696,113.6836,101.3736
2025-05-21,83.6900,88.4460,83.2700,87.7900,4750500,CAVA,94.0145,92.5599,88.1910,93.5950,102.0317,99.5492,113.6959,101.1977
2025-05-22,84.3600,86.0530,83.3700,84.0000,4260700,CAVA,93.6815,91.7790,88.2306,93.2329,101.7104,99.2484,113.7183,101.0301
2025-05-23,83.4300,84.6300,82.7550,83.0900,2857300,CAVA,93.3130,90.9838,88.4178,92.8484,101.4010,98.9352,113.7221,100.8550
2025-05-27,82.3400,84.8630,81.9600,84.5000,4393700,CAVA,92.7720,90.1606,88.5150,92.4363,101.1092,98.6066,113.7205,100.6708
2025-05-28,81.9100,83.3300,81.7600,82.4300,2193700,CAVA,92.2720,89.3748,88.5814,92.0235,100.8003,98.2760,113.7102,100.4841
2025-05-29,81.8800,83.5950,81.5600,82.8500,2647200,CAVA,91.7445,88.6610,88.6834,91.6257,100.4673,97.9513,113.6681,100.2990
2025-05-30,81.2700,81.7700,78.8800,81.5600,5295900,CAVA,91.0815,87.9571,88.6888,91.2196,100.1292,97.6210,113.6249,100.1096
2025-06-02,81.2500,81.5800,79.1500,80.5000,2796900,CAVA,90.3115,87.3184,88.6206,90.8287,99.7529,97.2968,113.5589,99.9220
2025-06-03,81.0600,82.4700,79.3600,81.8300,3377300,CAVA,89.5725,86.7223,88.5648,90.4456,99.4353,96.9753,113.4854,99.7343
2025-06-04,82.0400,83.5700,79.9300,80.9200,3265400,CAVA,89.0085,86.2764,88.3990,90.1160,99.1098,96.6795,113.4094,99.5582
2025-06-05,78.3300,81.9500,77.8600,81.0200,3404900,CAVA,88.2350,85.5196,88.1600,89.6538,98.7419,96.3162,113.3063,99.3470
2025-06-06,79.0300,79.7210,77.5400,79.0400,3656100,CAVA,87.3895,84.9015,88.0072,89.2371,98.4219,95.9739,113.2004,99.1448
2025-06-09,78.2200,80.4400,78.0400,79.5000,2627900,CAVA,86.6050,84.2652,87.8038,88.8051,98.0799,95.6223,113.1005,98.9366
2025-06-10,78.3200,79.8410,77.7500,79.0000,3260800,CAVA,85.5840,83.6990,87.6532,88.3939,97.7070,95.2797,112.9777,98.7315
2025-06-11,76.8300,79.1400,76.4500,78.7400,3757700,CAVA,84.4405,83.0448,87.4616,87.9404,97.3002,94.9143,112.8520,98.5136
2025-06-12,78.2500,78.6400,75.8200,76.0000,3791400,CAVA,83.3760,82.5881,87.2826,87.5604,96.9004,94.5843,112.6332,98.3119
2025-06-13,74.5700,77.2900,73.8570,76.1200,4979500,CAVA,82.1515,81.8245,86.9670,87.0510,96.4411,94.1880,112.3771,98.0757
2025-06-16,74.5000,77.4000,74.3600,74.9100,3241700,CAVA,81.0360,81.1269,86.7734,86.5588,95.9522,93.7982,112.1591,97.8411
2025-06-17,74.7100,76.3400,72.3600,73.7200,4748500,CAVA,80.2685,80.5158,86.7638,86.0941,95.4592,93.4202,111.9404,97.6110
2025-06-18,74.4500,75.5900,73.4000,74.4700,2977500,CAVA,79.5220,79.9381,86.6668,85.6375,94.9549,93.0445,111.7583,97.3805
2025-06-20,74.6200,75.7100,73.8500,74.8800,4398000,CAVA,79.0685,79.4316,86.5900,85.2054,94.4714,92.6797,111.5612,97.1540
2025-06-23,75.2500,75.3900,71.1000,73.9300,4445100,CAVA,78.6130,79.0334,86.2560,84.8150,93.9643,92.3345,111.3779,96.9361
2025-06-24,74.2300,76.8130,74.1100,76.4800,3728400,CAVA,78.1530,78.5759,85.9652,84.3999,93.3533,91.9760,111.1792,96.7101
2025-06-25,73.9900,75.9400,73.3300,74.5000,3375300,CAVA,77.7355,78.1392,85.6436,83.9917,92.7037,91.6199,110.9656,96.4841
2025-06-26,77.6700,77.9800,72.3600,74.2000,5196700,CAVA,77.5235,78.0945,85.4162,83.7438,92.1299,91.3436,110.7733,96.2969
2025-06-27,77.8900,79.5000,76.5400,78.0000,6880800,CAVA,77.3240,78.0750,85.2074,83.5142,91.5356,91.0772,110.5623,96.1137
2025-06-30,84.2300,85.2400,79.2000,79.4400,7588800,CAVA,77.4720,78.6612,85.1808,83.5423,90.9552,90.9417,110.3848,95.9955
2025-07-01,82.3200,83.7200,80.1100,83.5500,4721000,CAVA,77.5255,79.0096,85.1072,83.4944,90.3494,90.7709,110.1901,95.8594
2025-07-02,82.7100,86.7500,82.1400,85.0000,5676000,CAVA,77.6080,79.3621,85.1540,83.4636,89.7570,90.6113,109.9763,95.7286
2025-07-03,86.5200,87.4500,82.6500,83.2900,4952500,CAVA,77.8320,80.0438,85.2584,83.5835,89.2382,90.5303,109.7964,95.6369
2025-07-07,84.2800,86.4500,83.3900,86.0000,4406000,CAVA,78.1295,80.4472,85.2150,83.6108,88.6748,90.4065,109.6035,95.5239
2025-07-08,87.5700,88.3800,83.9100,84.5000,4074100,CAVA,78.5565,81.1256,85.1460,83.7660,88.2418,90.3503,109.4290,95.4448
2025-07-09,89.5400,90.0400,87.2880,88.4600,4202100,CAVA,79.1225,81.9270,85.1208,83.9925,87.8342,90.3343,109.2552,95.3860
2025-07-10,91.4500,92.4700,89.3200,90.0000,4249500,CAVA,79.7790,82.8339,85.0866,84.2849,87.4437,90.3564,109.0864,95.3469
2025-07-11,92.0500,92.2400,90.3000,90.6100,2317600,CAVA,80.5400,83.7116,85.0894,84.5894,87.0535,90.3899,108.9027,95.3141
2025-07-14,89.8600,91.8300,89.1200,90.9800,2857100,CAVA,81.1205,84.2972,85.0380,84.7961,86.6190,90.3794,108.7106,95.2598
2025-07-15,88.2000,91.2920,87.4500,90.6300,3912900,CAVA,81.8020,84.6689,84.9114,84.9296,86.3068,90.3363,108.5144,95.1895
2025-07-16,88.9800,89.7500,87.8420,88.9000,2212200,CAVA,82.5260,85.0795,84.7580,85.0885,86.0106,90.3094,108.3251,95.1278
2025-07-17,86.7700,89.0200,83.4020,88.4300,6613900,CAVA,83.1290,85.2405,84.5766,85.1544,85.7990,90.2393,108.1234,95.0446
2025-07-18,87.3400,87.6400,85.6000,87.2000,1977000,CAVA,83.7735,85.4404,84.4570,85.2401,85.6302,90.1819,107.9413,94.9679
2025-07-21,87.4300,89.2500,87.3600,88.0500,2722200,CAVA,84.4140,85.6299,84.3296,85.3260,85.5115,90.1274,107.7592,94.8929
2025-07-22,89.9300,90.4300,87.5000,87.6600,3449700,CAVA,85.1480,86.0394,84.2094,85.5065,85.4212,90.1235,107.5967,94.8435
2025-07-23,91.6900,93.6900,90.6200,90.7000,3438400,CAVA,86.0210,86.5776,84.1650,85.7490,85.4373,90.1545,107.4405,94.8122
2025-07-24,86.2600,88.1580,85.3600,87.5500,5331500,CAVA,86.6345,86.5473,83.9154,85.7691,85.3496,90.0774,107.2472,94.7271
2025-07-25,88.0200,88.1600,85.6300,86.3900,2128700,CAVA,87.1520,86.6876,83.6818,85.8573,85.3533,90.0367,107.0543,94.6603
2025-07-28,87.9700,89.7200,87.8300,88.3500,2373200,CAVA,87.6560,86.8097,83.4504,85.9402,85.3705,89.9958,106.8641,94.5938
2025-07-29,85.5600,87.6350,84.6000,87.2200,3030500,CAVA,87.7225,86.6907,83.1804,85.9253,85.3585,89.9079,106.6320,94.5039
2025-07-30,90.3200,91.2400,87.0410,87.6800,4137200,CAVA,88.1225,87.0364,83.0506,86.0976,85.4352,89.9161,106.4243,94.4622
2025-07-31,88.0100,90.2600,87.9900,90.0500,3151800,CAVA,88.3875,87.1291,83.0096,86.1726,85.4741,89.8783,106.2131,94.3980
2025-08-01,84.3000,87.0000,83.5000,86.8000,2109900,CAVA,88.2765,86.8596,82.9080,86.0992,85.5127,89.7679,105.9664,94.2976
2025-08-04,87.7900,88.4600,84.1000,84.9000,2693900,CAVA,88.4520,86.9483,82.9900,86.1655,85.5905,89.7287,105.7316,94.2328
2025-08-05,87.5700,89.0000,86.7000,87.0800,2334700,CAVA,88.4520,87.0075,83.0542,86.2206,85.6424,89.6860,105.4999,94.1665
2025-08-06,86.1600,87.4500,85.5700,87.3600,2086000,CAVA,88.2830,86.9268,83.1088,86.2182,85.7633,89.6161,105.2599,94.0868
2025-08-07,88.9000,90.3500,87.0650,87.0650,3303100,CAVA,88.1555,87.1147,83.2400,86.3234,85.8775,89.6020,105.0329,94.0352
2025-08-08,85.0500,88.4650,83.9100,87.7900,4087600,CAVA,87.8055,86.9180,83.3028,86.2734,85.9421,89.5118,104.7815,93.9458
2025-08-11,82.3000,86.1400,82.2300,84.6900,4298100,CAVA,87.4275,86.4782,83.3112,86.1176,85.9973,89.3690,104.5114,93.8300
2025-08-12,84.5000,85.1500,82.6000,83.8900,12737600,CAVA,87.2425,86.2898,83.3758,86.0542,86.0323,89.2726,104.2525,93.7371
2025-08-13,70.4500,72.5500,65.7000,66.8000,41571000,CAVA,86.3160,84.7813,83.1598,85.4422,85.8902,88.8999,103.9220,93.5054
2025-08-14,68.9300,70.5000,67.0100,69.8100,12335300,CAVA,85.4240,83.2716,82.9172,84.7947,85.7410,88.5044,103.5734,93.2609
2025-08-15,69.9000,70.2700,68.5200,69.5600,4837100,CAVA,84.5520,81.9981,82.6744,84.2106,85.5367,88.1360,103.2424,93.0284
2025-08-18,69.7900,70.5000,68.3000,69.0350,4252700,CAVA,83.6700,80.8355,82.5036,83.6451,85.3318,87.7727,102.8990,92.7972
2025-08-19,68.4500,70.5170,68.2440,70.0900,3053500,CAVA,82.5960,79.6559,82.2920,83.0492,85.1496,87.3901,102.5513,92.5549
2025-08-20,68.5500,68.6800,66.0200,67.7800,3575200,CAVA,81.4390,78.5982,82.0986,82.4806,84.9512,87.0170,102.2249,92.3161
2025-08-21,67.3300,68.5000,66.1200,68.3500,3895000,CAVA,80.4925,77.5250,81.8788,81.8865,84.7660,86.6272,101.8938,92.0675
2025-08-22,68.5300,69.8700,67.1400,67.5500,3328300,CAVA,79.5180,76.6684,81.7128,81.3627,84.5872,86.2688,101.5788,91.8333
2025-08-25,65.4500,68.0100,65.3950,67.7800,4901400,CAVA,78.3920,75.5999,81.4568,80.7386,84.3697,85.8566,101.2454,91.5707
2025-08-26,67.0200,68.2300,65.0300,65.6800,4799200,CAVA,77.4650,74.7828,81.3058,80.2007,84.1364,85.4836,100.9179,91.3265
2025-08-27,67.7400,68.5600,66.6300,66.6900,2793700,CAVA,76.3360,74.1121,81.1706,79.7120,83.9720,85.1322,100.5616,91.0918
2025-08-28,68.2100,68.9100,67.6500,68.3000,2140800,CAVA,75.3460,73.5500,81.0406,79.2609,83.9022,84.7971,100.1958,90.8641
2025-08-29,67.5500,68.2000,66.4000,67.8100,2932400,CAVA,74.5085,72.9785,80.9026,78.8017,83.7847,84.4556,99.7975,90.6321
2025-09-02,65.5700,67.5200,65.3000,66.7000,3529200,CAVA,73.3975,72.2730,80.7216,78.2828,83.6558,84.0816,99.3864,90.3827
2025-09-03,65.9100,67.4750,65.0400,65.5400,3038200,CAVA,72.3145,71.6670,80.5348,77.7976,83.3954,83.7218,98.9908,90.1392
2025-09-04,65.9600,66.3790,65.2000,66.0000,2602100,CAVA,71.3045,71.1234,80.3694,77.3334,83.1673,83.3701,98.5841,89.8986
2025-09-05,66.6300,67.8800,65.7800,66.0200,2997000,CAVA,70.1910,70.6955,80.2222,76.9136,82.9329,83.0386,98.2255,89.6671
2025-09-08,65.3400,66.8600,64.1200,66.6600,4350300,CAVA,69.2055,70.1854,79.9756,76.4598,82.6959,82.6881,97.8453,89.4250
2025-09-09,65.2800,65.8900,63.8000,65.8900,4671100,CAVA,68.3545,69.7183,79.7234,76.0213,82.4654,82.3434,97.4855,89.1848
2025-09-10,65.1600,66.5000,64.5000,65.0200,2954200,CAVA,67.3875,69.2841,79.3420,75.5954,82.2614,82.0031,97.1051,88.9457
2025-09-11,64.3200,65.6400,63.7000,65.0100,4549600,CAVA,67.0810,68.8114,78.9820,75.1532,82.0446,81.6530,96.7282,88.7007
2025-09-12,63.6300,64.6500,63.1700,64.3300,3307700,CAVA,66.8160,68.3179,78.6004,74.7013,81.8772,81.2961,96.3224,88.4512
2025-09-15,62.5400,63.7900,62.3300,63.0600,5226800,CAVA,66.4480,67.7676,78.1208,74.2244,81.6896,80.9247,95.9101,88.1934
2025-09-16,63.0800,64.1200,62.2600,62.9000,4164000,CAVA,66.1125,67.3212,77.6968,73.7874,81.4559,80.5713,95.5128,87.9435
2025-09-17,62.3900,64.1200,61.9000,63.0500,3769000,CAVA,65.8095,66.8516,77.1932,73.3404,81.1696,80.2113,95.1071,87.6893
2025-09-18,63.5600,64.4800,62.5200,62.9700,3345500,CAVA,65.5600,66.5381,76.6736,72.9569,80.8972,79.8816,94.7189,87.4492
2025-09-19,63.5300,64.3410,62.6000,63.7700,6604300,CAVA,65.3700,66.2516,76.1152,72.5872,80.6009,79.5578,94.3321,87.2112
2025-09-22,65.5300,65.6000,62.8100,63.3100,3187700,CAVA,65.2200,66.1829,75.5848,72.3105,80.3371,79.2800,93.9555,86.9954
2025-09-23,65.1400,66.9900,64.8100,65.7000,3738200,CAVA,65.2045,66.0835,75.0904,72.0293,80.0642,79.0000,93.5720,86.7780
2025-09-24,63.4200,67.4500,63.1100,65.4000,5171900,CAVA,65.0245,65.8299,74.5948,71.6916,79.7531,78.6915,93.1511,86.5456
2025-09-25,62.6100,62.9900,60.8100,62.5500,3687800,CAVA,64.7680,65.5232,74.0674,71.3355,79.4127,78.3730,92.7116,86.3074
2025-09-26,62.6100,63.1100,61.3600,62.6800,3355200,CAVA,64.4880,65.2458,73.5842,70.9933,79.0804,78.0609,92.2703,86.0716
2025-09-29,58.7600,63.2500,58.5300,62.9700,8250500,CAVA,64.0485,64.6281,73.0126,70.5136,78.7348,77.6787,91.9012,85.7998
2025-09-30,60.4100,60.5300,58.3300,59.1450,5537200,CAVA,63.7905,64.2264,72.4722,70.1174,78.4009,77.3367,91.5663,85.5472
2025-10-01,61.6700,62.0100,59.9650,60.0000,3745000,CAVA,63.5785,63.9829,71.9070,69.7861,78.0582,77.0265,91.2367,85.3096
2025-10-02,63.2400,64.5600,61.4250,61.4500,4578900,CAVA,63.4425,63.9121,71.3380,69.5294,77.7515,76.7535,90.9261,85.0900
2025-10-03,63.5300,64.1500,61.0350,63.2100,4108000,CAVA,63.2875,63.8757,70.8834,69.2941,77.3994,76.4917,90.6234,84.8755
2025-10-06,63.8000,64.9890,62.3500,64.0100,2930700,CAVA,63.2105,63.8685,70.3990,69.0787,77.0404,76.2403,90.3085,84.6658
2025-10-07,61.6300,64.0000,61.5700,63.7500,3395500,CAVA,63.0280,63.6553,69.8722,68.7866,76.6613,75.9510,89.9998,84.4366
2025-10-08,63.1600,64.1800,61.4100,62.0000,3045200,CAVA,62.9280,63.6082,69.4242,68.5659,76.3023,75.6977,89.7296,84.2249
2025-10-09,65.0300,66.8500,63.8700,64.1600,7178500,CAVA,62.9635,63.7436,68.9184,68.4272,75.9845,75.4865,89.4695,84.0339
2025-10-10,62.1500,65.9100,61.9200,65.7200,2965500,CAVA,62.8895,63.5918,68.4012,68.1811,75.7054,75.2224,89.1850,83.8161
2025-10-13,63.3300,64.6800,62.5200,62.6200,3027300,CAVA,62.9290,63.5669,67.9818,67.9908,75.4449,74.9869,88.9124,83.6123
2025-10-14,64.7100,65.8800,61.9200,62.0000,3579000,CAVA,63.0105,63.6757,67.5202,67.8622,75.2551,74.7834,88.6434,83.4242
2025-10-15,63.7900,66.0000,62.9300,65.2700,2151200,CAVA,63.0805,63.6866,67.0446,67.7025,75.0494,74.5657,88.3799,83.2288
2025-10-16,63.3600,64.6900,62.5700,63.9100,2446100,CAVA,63.0705,63.6555,66.5886,67.5322,74.8487,74.3438,88.1249,83.0311
2025-10-17,62.8600,64.6300,62.7750,62.8600,3642800,CAVA,63.0370,63.5798,66.0678,67.3490,74.6539,74.1164,87.8816,82.8304
2025-10-20,62.2900,64.3900,62.2800,62.8100,2097900,CAVA,62.8750,63.4569,65.6126,67.1506,74.4577,73.8822,87.6290,82.6261
2025-10-21,65.4700,66.1000,62.0400,62.2100,3023300,CAVA,62.8915,63.6486,65.2760,67.0847,74.2936,73.7157,87.3805,82.4553
2025-10-22,64.3500,66.3500,63.5000,65.8700,2026600,CAVA,62.9380,63.7154,64.8730,66.9774,74.1244,73.5302,87.1268,82.2752
2025-10-23,64.2200,64.9100,63.5200,64.0800,2142600,CAVA,63.0185,63.7635,64.7484,66.8693,73.9541,73.3458,86.8535,82.0955
2025-10-24,63.6000,65.7710,63.5400,65.2400,1898300,CAVA,63.0680,63.7479,64.6418,66.7411,73.7795,73.1529,86.6074,81.9115
2025-10-27,62.9400,63.8660,61.8600,63.8000,3190600,CAVA,63.2770,63.6710,64.5026,66.5920,73.5885,72.9506,86.3492,81.7227
2025-10-28,62.1400,63.1500,61.6500,62.9700,2449500,CAVA,63.3635,63.5252,64.3496,66.4174,73.4266,72.7365,86.0843,81.5279
2025-10-29,60.4700,62.2500,59.9000,61.5000,5538500,CAVA,63.3035,63.2342,64.1900,66.1842,73.2410,72.4936,85.8315,81.3183
2025-10-30,53.7000,56.0150,53.3200,54.9300,10667700,CAVA,62.8265,62.3262,63.8930,65.6946,72.9958,72.1215,85.5379,81.0435
2025-10-31,53.7300,54.7900,52.8000,54.0100,4876000,CAVA,62.3365,61.5075,63.6210,65.2254,72.7499,71.7573,85.2285,80.7718
2025-11-03,52.6100,53.3850,51.3700,53.1000,6010900,CAVA,61.7770,60.6601,63.3026,64.7307,72.5077,71.3781,84.9040,80.4915
2025-11-04,51.7000,53.7600,51.3300,52.0000,7681500,CAVA,61.2805,59.8068,63.0276,64.2197,72.2422,70.9885,84.5713,80.2051
2025-11-05,50.3700,54.5400,49.6200,51.2600,12518200,CAVA,60.6410,58.9080,62.6946,63.6766,72.0002,70.5802,84.2207,79.9082
2025-11-06,46.5900,50.3500,46.5700,50.2000,6045000,CAVA,59.7190,57.7349,62.2716,63.0065,71.7211,70.1051,83.8367,79.5767
2025-11-07,48.6400,49.1600,45.5660,45.8000,5612800,CAVA,59.0435,56.8687,61.8802,62.4431,71.4604,69.6801,83.4598,79.2688
2025-11-10,49.6600,50.2800,48.1550,49.3000,4364900,CAVA,58.3600,56.1822,61.5224,61.9418,71.2125,69.2837,83.0837,78.9742
2025-11-11,49.2500,49.4650,47.5600,49.3900,3114400,CAVA,57.5870,55.5220,61.1960,61.4441,70.9588,68.8869,82.7151,78.6785
2025-11-12,48.7500,50.7000,48.2310,50.5100,4023800,CAVA,56.8350,54.8770,60.8528,60.9463,70.6938,68.4882,82.3291,78.3807
2025-11-13,48.2000,50.0900,47.6100,49.0000,3273900,CAVA,56.0770,54.2411,60.4976,60.4464,70.4335,68.0864,81.8934,78.0804
2025-11-14,47.2200,48.1990,46.2100,47.1600,3623600,CAVA,55.2950,53.5724,60.1094,59.9278,70.1658,67.6733,81.4348,77.7733
2025-11-17,45.2300,47.0000,44.7100,47.0000,4509800,CAVA,54.4420,52.7779,59.7072,59.3514,69.8414,67.2288,80.9857,77.4495
2025-11-18,45.0500,45.9000,44.2600,45.1600,4293100,CAVA,53.4210,52.0419,59.3026,58.7905,69.5130,66.7896,80.5243,77.1271
2025-11-19,45.4700,46.2100,44.7400,45.7400,3097500,CAVA,52.4770,51.4160,58.9088,58.2682,69.1254,66.3675,80.0403,76.8121
2025-11-20,43.5900,46.3800,43.4100,46.1600,5258700,CAVA,51.4455,50.6707,58.4942,57.6925,68.7381,65.9164,79.5437,76.4815
2025-11-21,48.9200,50.0700,43.8700,44.4700,9216100,CAVA,50.7115,50.5040,58.2000,57.3485,68.4002,65.5799,79.0786,76.2073
2025-11-24,46.8000,49.1370,46.4850,48.5000,4668900,CAVA,49.9045,50.1512,57.8852,56.9349,68.0030,65.2080,78.6206,75.9147
2025-11-25,48.5500,48.6500,46.2600,46.8100,3571700,CAVA,49.2250,49.9987,57.5946,56.6060,67.6457,64.8781,78.1603,75.6424
2025-11-26,49.6500,51.1500,48.7000,49.0000,4609300,CAVA,48.6840,49.9655,57.3398,56.3333,67.2665,64.5766,77.7542,75.3838
2025-11-28,48.8900,50.4200,48.8400,50.0500,1318600,CAVA,48.4435,49.8631,57.0464,56.0414,66.8600,64.2660,77.3471,75.1201
2025-12-01,51.0100,52.2800,48.7600,48.8600,7620100,CAVA,48.3075,49.9723,56.7960,55.8441,66.4556,64.0035,76.9497,74.8802
2025-12-02,52.7300,53.3600,51.4600,51.6000,4573100,CAVA,48.3135,50.2349,56.5400,55.7219,66.0624,63.7802,76.5580,74.6598
2025-12-03,54.4900,55.7070,52.7500,52.8850,5319500,CAVA,48.4530,50.6402,56.3270,55.6736,65.7087,63.5963,76.1639,74.4591
2025-12-04,54.4800,55.8700,54.0700,55.3500,2836100,CAVA,48.6585,51.0059,56.1482,55.6268,65.3715,63.4157,75.8392,74.2604
2025-12-05,53.3700,54.5750,52.5940,54.3300,3448000,CAVA,48.9975,51.2310,55.9634,55.5383,65.0154,63.2168,75.5130,74.0525
2025-12-08,53.8500,53.9800,52.6200,53.5400,2482100,CAVA,49.2580,51.4805,55.7882,55.4721,64.6862,63.0313,75.2426,73.8515
2025-12-09,52.9000,53.9300,52.8200,53.3500,3042500,CAVA,49.4200,51.6157,55.6710,55.3712,64.3418,62.8307,74.9860,73.6430
2025-12-10,53.0900,53.2950,51.2100,52.9800,3344600,CAVA,49.6120,51.7561,55.5246,55.2818,63.9984,62.6378,74.7550,73.4385
2025-12-11,52.6500,54.6000,52.4900,53.5200,2702300,CAVA,49.8070,51.8412,55.3442,55.1786,63.6256,62.4401,74.5234,73.2316
2025-12-12,53.1500,55.6000,52.9400,53.4800,4228400,CAVA,50.0545,51.9658,55.1424,55.0990,63.2402,62.2561,74.3388,73.0318
2025-12-15,51.9200,53.4800,51.5250,52.7600,2920500,CAVA,50.2895,51.9615,54.9102,54.9743,62.8968,62.0514,74.1232,72.8218
2025-12-16,52.7200,53.9700,52.0000,52.1700,2336200,CAVA,50.6640,52.0337,54.6886,54.8859,62.5438,61.8666,73.9486,72.6217
2025-12-17,53.1200,54.5310,52.0100,52.0700,2930700,CAVA,51.0675,52.1372,54.5184,54.8167,62.1953,61.6934,73.7829,72.4277
2025-12-18,56.0400,57.1600,54.3900,54.8000,5118500,CAVA,51.5960,52.5089,54.3760,54.8647,61.9001,61.5815,73.6293,72.2646
2025-12-19,56.9100,57.2700,54.7000,56.0100,4725600,CAVA,52.2620,52.9280,54.2136,54.9449,61.5660,61.4890,73.5006,72.1118
2025-12-22,58.0400,58.4700,57.0000,57.1400,2937500,CAVA,52.7180,53.4149,54.1314,55.0663,61.2663,61.4207,73.3702,71.9718
2025-12-23,59.3500,59.3800,57.0000,57.2800,2723400,CAVA,53.3455,53.9801,54.0518,55.2342,61.0168,61.3797,73.2647,71.8462
2025-12-24,61.7200,62.1600,59.0800,59.3500,2857900,CAVA,54.0040,54.7173,53.9920,55.4886,60.7561,61.3864,73.1733,71.7455
2025-12-26,60.1500,61.5700,59.7100,61.5000,2963500,CAVA,54.5290,55.2347,53.9192,55.6714,60.4819,61.3619,73.0621,71.6301
2025-12-29,59.9600,60.2000,58.8000,60.0000,3775400,CAVA,55.0825,55.6847,53.8512,55.8396,60.2199,61.3342,72.9916,71.5140
2025-12-30,58.3400,59.8800,58.3150,59.7600,3395200,CAVA,55.4490,55.9376,53.7608,55.9376,59.9143,61.2749,72.8959,71.3829
2025-12-31,58.6900,59.2700,58.0500,58.3400,2877300,CAVA,55.7470,56.1997,53.6888,56.0456,59.6507,61.2237,72.7964,71.2566
2026-01-02,60.5500,61.1100,58.5700,58.9400,4237500,CAVA,56.0500,56.6140,53.5904,56.2222,59.4332,61.2104,72.7152,71.1501
2026-01-05,63.4800,65.4500,61.5500,61.5500,6338900,CAVA,56.5000,57.2679,53.5730,56.5068,59.2230,61.2553,72.6276,71.0737
2026-01-06,67.1100,68.2600,64.2500,64.6200,5741100,CAVA,57.1870,58.2053,53.6308,56.9226,59.1896,61.3712,72.5399,71.0343
2026-01-07,67.9000,68.9500,67.1300,68.0000,3505500,CAVA,57.8895,59.1286,53.7168,57.3531,59.1793,61.5005,72.4601,71.0031
2026-01-08,69.6000,70.0500,67.1300,67.5500,3617000,CAVA,58.7245,60.1259,53.8500,57.8334,59.1763,61.6609,72.3565,70.9892
2026-01-09,70.8600,72.1100,69.7500,70.9800,3309000,CAVA,59.6130,61.1482,54.0244,58.3442,59.1870,61.8431,72.2594,70.9879
2026-01-12,70.7000,71.6000,69.4700,71.1000,4281600,CAVA,60.5155,62.0579,54.2290,58.8288,59.2095,62.0184,72.1795,70.9850
2026-01-13,68.5200,70.2900,68.1700,70.0500,3206500,CAVA,61.2840,62.6733,54.5254,59.2088,59.2092,62.1472,72.0802,70.9605
2026-01-14,70.5700,70.6000,67.4500,67.9600,2531000,CAVA,62.2165,63.4254,54.8622,59.6544,59.2416,62.3140,72.0038,70.9566
2026-01-15,72.0000,72.8800,69.5200,70.6100,2917600,CAVA,63.1805,64.2420,55.2500,60.1385,59.2763,62.5058,71.9317,70.9670
2026-01-16,72.0900,72.1750,70.6700,71.9700,2130400,CAVA,64.1290,64.9894,55.6578,60.6072,59.3427,62.6956,71.8562,70.9781
2026-01-20,69.0500,72.6000,68.8300,70.0000,5398400,CAVA,64.7795,65.3761,56.0314,60.9383,59.3630,62.8214,71.7497,70.9590
2026-01-21,66.9200,69.6900,65.1800,69.5900,5001200,CAVA,65.2800,65.5232,56.4380,61.1729,59.3548,62.9026,71.6634,70.9188
2026-01-22,66.0900,68.3900,65.7680,67.6000,3507200,CAVA,65.6825,65.5772,56.7870,61.3657,59.3336,62.9657,71.6179,70.8707
2026-01-23,66.3200,67.9000,65.5100,66.9400,2764100,CAVA,66.0310,65.6479,57.1202,61.5600,59.3213,63.0321,71.5530,70.8254
2026-01-26,62.5500,65.6300,62.0700,65.6300,4183600,CAVA,66.0725,65.3529,57.3862,61.5988,59.2911,63.0226,71.4734,70.7431
2026-01-27,62.3300,62.8310,60.8200,62.5000,2622000,CAVA,66.1815,65.0650,57.6578,61.6275,59.2553,63.0088,71.3253,70.6594
2026-01-28,62.7000,65.3500,62.6300,64.3950,2746800,CAVA,66.3185,64.8397,57.9478,61.6695,59.2227,63.0027,71.1950,70.5802
2026-01-29,63.0300,63.3700,61.0400,62.1900,2830200,CAVA,66.5530,64.6674,58.2640,61.7229,59.1867,63.0033,71.0598,70.5051
2026-01-30,60.6200,62.9700,60.5300,62.4500,2881700,CAVA,66.6495,64.2819,58.5718,61.6796,59.1395,62.9561,70.9177,70.4067
2026-02-02,59.6000,60.8800,59.0000,60.0300,3500500,CAVA,66.6020,63.8360,58.8628,61.5981,59.0827,62.8896,70.7740,70.2992
2026-02-03,60.8900,61.1900,58.2500,59.5500,3035000,CAVA,66.4725,63.5554,59.1712,61.5703,59.0400,62.8500,70.6507,70.2056
2026-02-04,65.4100,65.5300,59.4500,59.4500,4298400,CAVA,66.3875,63.7321,59.6076,61.7209,59.0509,62.9007,70.5477,70.1578
2026-02-05,64.5500,66.2300,63.2000,65.7100,3114800,CAVA,66.2200,63.8100,59.9202,61.8318,59.0601,62.9334,70.4686,70.1020
2026-02-06,69.9600,70.3500,64.5600,65.0850,4811000,CAVA,66.2380,64.3957,60.3834,62.1506,59.1343,63.0725,70.4119,70.1006
2026-02-09,72.4800,72.9800,69.0090,70.6700,3547200,CAVA,66.3190,65.1656,60.8620,62.5557,59.2283,63.2588,70.3421,70.1243
2026-02-10,68.9300,72.8600,68.8100,72.4500,2519200,CAVA,66.2305,65.5241,61.2476,62.8056,59.2937,63.3711,70.2316,70.1124
2026-02-11,67.3700,71.2350,67.0400,69.9900,2601400,CAVA,66.1730,65.6999,61.6172,62.9846,59.3318,63.4503,70.1145,70.0851
2026-02-12,63.6100,69.3000,63.2000,68.5400,2407500,CAVA,65.8250,65.5009,61.8692,63.0092,59.3326,63.4534,69.9667,70.0207
2026-02-13,63.5000,66.1000,62.8300,64.6500,2955900,CAVA,65.4000,65.3103,62.0846,63.0284,59.3123,63.4544,69.8247,69.9558
2026-02-17,63.3100,64.6900,61.1900,64.1400,3186100,CAVA,64.9610,65.1198,62.2610,63.0394,59.2940,63.4515,69.6791,69.8897
2026-02-18,67.7300,69.0600,65.6510,65.9800,3338500,CAVA,64.8950,65.3684,62.5260,63.2234,59.3371,63.5362,69.5451,69.8682
2026-02-19,68.4400,68.5000,66.2450,66.7300,3231200,CAVA,64.9710,65.6609,62.8274,63.4280,59.3954,63.6333,69.4040,69.8540
2026-02-20,70.1100,70.1600,67.2500,68.1200,2755100,CAVA,65.1720,66.0847,63.1526,63.6900,59.4704,63.7616,69.2754,69.8565
2026-02-23,68.3500,70.6400,67.7250,69.2200,3903400,CAVA,65.2735,66.3004,63.4616,63.8727,59.5663,63.8524,69.1505,69.8415
2026-02-24,67.8000,69.5000,66.1500,67.1900,4816200,CAVA,65.5360,66.4432,63.7558,64.0268,59.6402,63.9306,69.0205,69.8212
2026-02-25,85.6700,86.4800,77.2200,78.5500,17767000,CAVA,66.7030,68.2743,64.4162,64.8755,59.8802,64.3611,68.9692,69.9789
2026-02-26,84.7400,85.7500,79.5410,85.0100,6898300,CAVA,67.8050,69.8425,65.0480,65.6545,60.0952,64.7646,68.9233,70.1258
2026-02-27,82.4700,82.5500,78.0200,82.3700,3881400,CAVA,68.7770,71.0451,65.6590,66.3139,60.2846,65.1152,68.8420,70.2486
2026-03-02,78.4900,81.1700,77.8650,81.0000,5061900,CAVA,69.6705,71.7542,66.1744,66.7914,60.4315,65.3801,68.7359,70.3306
2026-03-03,77.0700,77.8000,74.8100,77.5950,3757500,CAVA,70.5440,72.2604,66.6534,67.1945,60.5859,65.6116,68.6236,70.3977
2026-03-04,79.5200,79.6900,76.0000,76.8800,2308300,CAVA,71.4755,72.9518,67.1230,67.6779,60.7495,65.8870,68.5259,70.4885
2026-03-05,79.3700,81.8350,77.6750,79.5400,3090800,CAVA,72.1735,73.5631,67.5722,68.1364,60.8929,66.1540,68.4387,70.5768
2026-03-06,78.5900,78.9100,74.8000,76.6600,3196100,CAVA,72.8755,74.0418,67.9832,68.5463,61.0573,66.4002,68.3813,70.6566
2026-03-09,81.8100,81.8800,76.2700,77.9100,2678700,CAVA,73.4680,74.7817,68.4324,69.0665,61.2421,66.7054,68.3435,70.7676
2026-03-10,80.0200,82.2200,79.7500,81.5000,3305000,CAVA,73.8450,75.2805,68.7984,69.4960,61.3952,66.9690,68.3251,70.8596
2026-03-11,80.5000,80.7500,77.0100,80.0200,2217200,CAVA,74.4235,75.7776,69.2054,69.9276,61.5623,67.2370,68.3058,70.9555
2026-03-12,80.3500,82.0700,79.0100,80.1900,2447500,CAVA,75.0725,76.2131,69.6132,70.3363,61.7322,67.4966,68.2904,71.0490
2026-03-13,82.0000,83.3400,80.6800,81.1300,2319100,CAVA,75.9920,76.7642,70.0864,70.7937,61.9236,67.7838,68.2887,71.1580
2026-03-16,87.2500,87.7600,82.2500,82.3800,3933400,CAVA,77.1795,77.7629,70.6576,71.4390,62.1732,68.1693,68.3154,71.3181
2026-03-17,90.5200,91.3100,87.3950,87.5000,3811300,CAVA,78.5400,78.9778,71.2570,72.1873,62.4237,68.6119,68.3586,71.5092
2026-03-18,88.9300,91.8340,88.8400,89.9000,3019600,CAVA,79.6000,79.9257,71.7660,72.8439,62.6695,69.0142,68.3969,71.6825
2026-03-19,87.6400,89.7100,84.1700,87.5300,3282100,CAVA,80.5600,80.6604,72.1766,73.4241,62.9037,69.3831,68.4289,71.8413
2026-03-20,84.2700,87.8700,83.1900,87.1800,3253700,CAVA,81.2680,81.0041,72.5040,73.8494,63.1104,69.6778,68.4449,71.9650
2026-03-23,87.0700,90.6800,86.0100,86.3000,2697800,CAVA,82.2040,81.5818,72.8534,74.3679,63.3517,70.0222,68.4701,72.1153
2026-03-24,84.4300,86.6700,84.1700,86.0100,2691100,CAVA,83.0355,81.8531,73.1248,74.7625,63.5746,70.3075,68.5006,72.2378
2026-03-25,80.2900,87.0000,79.1000,86.4100,4988600,CAVA,82.7665,81.7042,73.3166,74.9793,63.7728,70.5052,68.5069,72.3179
2026-03-26,78.9000,82.8700,78.7300,80.9300,2872800,CAVA,82.4745,81.4372,73.5242,75.1330,64.0248,70.6715,68.5103,72.3834
2026-03-27,75.4200,78.0150,72.6300,77.7200,3857100,CAVA,82.1220,80.8641,73.6212,75.1443,64.2417,70.7655,68.4958,72.4136
2026-03-30,76.9400,79.0390,75.0000,75.2800,2717500,CAVA,82.0445,80.4904,73.7200,75.2147,64.4850,70.8878,68.4963,72.4587
2026-03-31,80.9000,81.7400,77.9900,79.2700,2762700,CAVA,82.2360,80.5294,73.8962,75.4376,64.7770,71.0860,68.5096,72.5427
2026-04-01,80.1400,83.4400,79.0000,82.2600,2382500,CAVA,82.2670,80.4923,74.1180,75.6220,65.0747,71.2653,68.5374,72.6182
2026-04-02,79.6300,81.3700,77.2000,77.7100,2808200,CAVA,82.2800,80.4102,74.3722,75.7792,65.4051,71.4309,68.5631,72.6880
2026-04-06,82.1300,82.5900,78.2500,78.5200,1892400,CAVA,82.4570,80.5740,74.6930,76.0283,65.7400,71.6428,68.6002,72.7820
2026-04-07,83.4200,83.8400,80.5800,82.6500,1772100,CAVA,82.5375,80.8450,75.0350,76.3181,66.0776,71.8760,68.6450,72.8878
2026-04-08,86.2100,90.4800,86.2000,88.0400,2781200,CAVA,82.8470,81.3560,75.5082,76.7061,66.4472,72.1599,68.7030,73.0204
2026-04-09,86.1500,87.3200,84.5500,85.8000,1787500,CAVA,83.1295,81.8125,75.9846,77.0764,66.8212,72.4369,68.7575,73.1510
2026-04-10,84.9400,87.8200,84.5180,87.1400,2067500,CAVA,83.3590,82.1104,76.4294,77.3848,67.1886,72.6845,68.8110,73.2683
2026-04-13,84.2100,85.6700,83.2800,85.4000,1803800,CAVA,83.4695,82.3104,76.8530,77.6524,67.5585,72.9127,68.8621,73.3772
2026-04-14,88.1800,88.5600,84.5000,84.5000,2670600,CAVA,83.5160,82.8694,77.4042,78.0653,67.9880,73.2150,68.9147,73.5245
2026-04-15,88.4400,90.2500,87.5020,88.5900,2011500,CAVA,83.4120,83.3999,77.9810,78.4721,68.4219,73.5165,68.9674,73.6729
2026-04-16,91.2400,91.5600,88.2220,88.9700,3178500,CAVA,83.5275,84.1466,78.5880,78.9728,68.8796,73.8675,69.0025,73.8477
2026-04-17,94.7800,96.7000,92.5000,92.9200,3520400,CAVA,83.8845,85.1593,79.1754,79.5927,69.3915,74.2816,69.0648,74.0560
2026-04-20,97.3900,97.8500,94.5100,95.8900,3090200,CAVA,84.5405,86.3241,79.8322,80.2907,69.8762,74.7392,69.1382,74.2882
2026-04-21,96.2700,98.7900,93.9200,96.2500,2485000,CAVA,85.0005,87.2713,80.3584,80.9173,70.3709,75.1655,69.1869,74.5069
2026-04-22,96.7500,98.5500,95.0900,97.1400,2966600,CAVA,85.6165,88.1741,80.8438,81.5382,70.8529,75.5929,69.2493,74.7282
2026-04-23,93.1100,96.5700,92.8400,95.3000,3280200,CAVA,86.2575,88.6442,81.3274,81.9920,71.2875,75.9398,69.2770,74.9111
2026-04-24,95.6800,96.8000,93.5900,94.4100,2453300,CAVA,87.0965,89.3142,81.8936,82.5288,71.7554,76.3307,69.3077,75.1178
2026-04-27,94.2300,95.6800,92.4200,94.7500,1625900,CAVA,88.0370,89.7824,82.5060,82.9876,72.1876,76.6851,69.3216,75.3079
2026-04-28,91.0400,94.3400,89.5850,92.5000,3064200,CAVA,88.7420,89.9022,83.0568,83.3034,72.5707,76.9694,69.3165,75.4645
2026-04-29,91.1100,93.4900,90.4200,90.4700,1891500,CAVA,89.2525,90.0172,83.6128,83.6096,72.9369,77.2494,69.3228,75.6202
2026-04-30,93.4100,94.5000,91.2190,92.5200,2425100,CAVA,89.9160,90.3403,84.1264,83.9939,73.3262,77.5694,69.3488,75.7972
2026-05-01,90.9800,96.1900,90.5000,93.9600,2653100,CAVA,90.4835,90.4013,84.5772,84.2679,73.7023,77.8350,69.3588,75.9482
2026-05-04,89.1900,93.0200,89.0750,91.6000,1846700,CAVA,90.8365,90.2859,84.9588,84.4609,74.0557,78.0598,69.3709,76.0800
2026-05-05,90.3400,90.6400,89.1380,89.6000,1369700,CAVA,91.1825,90.2911,85.3986,84.6914,74.4301,78.3030,69.3859,76.2219
2026-05-06,89.5100,92.5250,88.0000,92.0500,2085500,CAVA,91.3475,90.2167,85.8328,84.8804,74.7943,78.5249,69.3964,76.3541
2026-05-07,84.4700,86.5300,81.9000,86.5300,4948400,CAVA,91.2635,89.6694,85.8088,84.8643,75.1125,78.6427,69.3691,76.4349
2026-05-08,79.4000,85.3100,79.0550,85.3100,4022000,CAVA,90.9865,88.6913,85.7020,84.6500,75.3750,78.6576,69.3076,76.4644
2026-05-11,79.9900,80.8700,78.4940,78.8900,3713500,CAVA,90.7755,87.8626,85.6524,84.4673,75.6557,78.6840,69.2762,76.4994
2026-05-12,77.1800,79.6400,76.5100,79.4500,3558000,CAVA,90.2255,86.8452,85.6262,84.1815,75.9003,78.6542,69.2220,76.5062
2026-05-13,72.3000,77.6100,72.0500,76.8700,3154000,CAVA,89.4185,85.4600,85.5308,83.7156,76.0921,78.5284,69.1437,76.4644
2026-05-14,76.0900,77.2600,72.5000,72.5100,2355800,CAVA,88.6610,84.5676,85.4622,83.4165,76.2926,78.4801,69.0964,76.4606
2026-05-15,76.8700,77.8800,75.0700,75.4400,1940100,CAVA,87.7655,83.8345,85.4122,83.1598,76.4922,78.4483,69.0291,76.4647
2026-05-18,79.8900,80.9700,76.8800,77.2200,4119700,CAVA,86.8905,83.4588,85.4382,83.0316,76.7107,78.4768,68.9885,76.4988
2026-05-19,78.1200,79.7100,76.8750,79.4600,7581100,CAVA,85.9830,82.9504,85.3644,82.8390,76.8984,78.4697,68.9576,76.5149
2026-05-20,80.5300,88.8800,79.5000,86.8800,11328500,CAVA,85.1720,82.7199,85.3746,82.7484,77.0865,78.5105,68.9213,76.5549
2026-05-21,81.2700,81.9900,76.0600,79.6000,3414500,CAVA,84.5800,82.5818,85.3900,82.6904,77.2977,78.5652,68.8898,76.6018
2026-05-22,80.4200,84.2500,80.1600,82.5000,2144800,CAVA,83.8170,82.3759,85.3914,82.6014,77.5023,78.6019,68.8611,76.6398
2026-05-26,80.3200,81.0600,78.7770,80.3600,2364000,CAVA,83.1215,82.1801,85.3578,82.5119,77.7221,78.6359,68.8182,76.6764
2026-05-27,82.2000,85.5590,81.2700,81.2700,2801400,CAVA,82.6795,82.1820,85.2568,82.4997,77.9572,78.7065,68.8039,76.7314
2026-05-28,78.2000,82.0200,77.1300,81.2500,3300100,CAVA,82.0340,81.8028,85.0104,82.3311,78.1337,78.6965,68.7834,76.7460
2026-05-29,77.6600,80.4800,77.1800,79.9500,2932900,CAVA,81.2465,81.4082,84.7850,82.1479,78.2755,78.6759,68.7492,76.7551
2026-06-01,74.6700,77.8900,73.5800,77.0000,2922600,CAVA,80.4310,80.7665,84.5256,81.8546,78.3511,78.5966,68.7703,76.7343
2026-06-02,72.4400,73.9250,71.8600,73.7900,2102300,CAVA,79.5935,79.9735,84.2890,81.4854,78.3965,78.4747,68.7879,76.6916
2026-06-03,71.3300,71.6500,69.3300,71.0000,2891300,CAVA,78.6430,79.1503,83.9742,81.0872,78.4138,78.3332,68.7950,76.6383
2026-06-04,71.7500,74.2400,70.8800,71.3300,3103700,CAVA,77.7550,78.4455,83.7206,80.7210,78.4227,78.2029,68.8048,76.5896
2026-06-05,72.6000,73.3600,71.1990,71.5000,1918300,CAVA,77.1615,77.8888,83.5668,80.4026,78.4417,78.0919,68.8256,76.5499
2026-06-08,73.6200,75.3150,72.3300,73.0000,2007900,CAVA,76.8725,77.4822,83.4612,80.1366,78.4927,78.0034,68.8509,76.5208
2026-06-09,76.2800,77.2000,73.3600,74.0000,3478800,CAVA,76.6870,77.3677,83.4784,79.9853,78.5498,77.9692,68.8957,76.5184
2026-06-10,81.5600,82.5700,77.1480,77.9700,3886600,CAVA,76.9060,77.7670,83.5708,80.0471,78.6454,78.0403,68.9608,76.5685
2026-06-11,88.2500,88.4950,79.8000,81.8500,3629000,CAVA,77.7035,78.7654,83.7178,80.3688,78.8070,78.2425,69.0748,76.6848
2026-06-12,90.9900,92.3150,88.9600,89.0000,3206500,CAVA,78.4485,79.9296,83.9348,80.7853,79.0264,78.4949,69.1947,76.8271
2026-06-15,89.5200,91.6300,88.0500,90.1700,4753000,CAVA,79.0810,80.8430,84.1326,81.1278,79.2524,78.7133,69.3036,76.9534
2026-06-16,87.3000,89.8900,86.9900,88.3000,2918600,CAVA,79.4515,81.4579,84.2360,81.3699,79.4645,78.8833,69.3990,77.0564
2026-06-17,88.0500,90.5000,86.0100,87.2250,2657700,CAVA,79.9480,82.0858,84.3286,81.6318,79.6818,79.0648,69.5015,77.1657
2026-06-18,89.1800,90.6200,88.0000,89.3700,3160700,CAVA,80.3805,82.7614,84.3880,81.9278,79.9481,79.2651,69.6196,77.2853
2026-06-22,80.8800,87.9999,80.8500,88.7000,2607013,CAVA,80.3610,82.5822,84.2826,81.8868,80.1336,79.2971,69.6944,77.3211
